-- phpMyAdmin SQL Dump
-- version 5.0.4
-- https://www.phpmyadmin.net/
--
-- Host: 127.0.0.1
-- Czas generowania: 15 Wrz 2021, 18:23
-- Wersja serwera: 10.4.17-MariaDB
-- Wersja PHP: 8.0.2

SET SQL_MODE = "NO_AUTO_VALUE_ON_ZERO";
START TRANSACTION;
SET time_zone = "+00:00";


/*!40101 SET @OLD_CHARACTER_SET_CLIENT=@@CHARACTER_SET_CLIENT */;
/*!40101 SET @OLD_CHARACTER_SET_RESULTS=@@CHARACTER_SET_RESULTS */;
/*!40101 SET @OLD_COLLATION_CONNECTION=@@COLLATION_CONNECTION */;
/*!40101 SET NAMES utf8mb4 */;

--
-- Baza danych: `doctor_app`
--

-- --------------------------------------------------------

--
-- Struktura tabeli dla tabeli `availability_doctor`
--

CREATE TABLE `availability_doctor` (
  `id` bigint(20) NOT NULL,
  `date_from` datetime DEFAULT NULL,
  `date_to` datetime DEFAULT NULL,
  `doctor_id` bigint(20) DEFAULT NULL
) ENGINE=InnoDB DEFAULT CHARSET=utf8mb4;

--
-- Zrzut danych tabeli `availability_doctor`
--

INSERT INTO `availability_doctor` (`id`, `date_from`, `date_to`, `doctor_id`) VALUES
(28, '2021-08-17 10:00:00', '2021-08-17 02:00:00', 8),
(29, '2021-08-18 10:30:00', '2021-08-18 13:00:00', 8),
(30, '2021-08-19 10:00:00', '2021-08-19 12:30:00', 8),
(31, '2021-08-20 10:30:00', '2021-08-20 02:00:00', 8),
(32, '2021-08-11 10:00:00', '2021-08-11 12:30:00', 8),
(33, '2021-07-22 10:30:00', '2021-07-22 13:00:00', 8),
(34, '2021-08-23 10:00:00', '2021-08-23 12:30:00', 8),
(35, '2021-08-25 11:30:00', '2021-08-25 13:00:00', 8),
(36, '2021-08-10 10:30:00', '2021-08-10 13:30:00', 8),
(38, '2021-08-26 10:30:00', '2021-08-26 13:30:00', 8),
(43, '2021-08-25 10:30:00', '2021-08-25 12:30:00', 5),
(44, '2021-08-26 10:30:00', '2021-08-26 13:30:00', 5),
(45, '2021-08-30 11:30:00', '2021-08-30 13:30:00', 5),
(46, '2021-08-31 10:30:00', '2021-08-31 12:30:00', 5),
(48, '2021-08-24 10:00:00', '2021-08-24 13:30:00', 6),
(49, '2021-08-25 11:00:00', '2021-08-25 13:00:00', 6),
(50, '2021-08-26 10:00:00', '2021-08-26 12:00:00', 6),
(52, '2021-08-27 11:00:00', '2021-08-27 13:30:00', 6),
(53, '2021-08-24 11:00:00', '2021-08-24 13:30:00', 7),
(54, '2021-08-25 10:00:00', '2021-08-25 13:00:00', 7),
(55, '2021-08-26 10:30:00', '2021-08-26 13:00:00', 7),
(56, '2021-08-30 11:00:00', '2021-08-30 13:00:00', 7),
(57, '2021-09-01 10:00:00', '2021-09-01 13:30:00', 7),
(58, '2021-08-24 10:00:00', '2021-08-24 12:30:00', 9),
(59, '2021-08-25 11:00:00', '2021-08-25 13:30:00', 9),
(60, '2021-08-26 10:30:00', '2021-08-26 12:30:00', 9),
(61, '2021-08-31 10:00:00', '2021-08-31 13:30:00', 9),
(62, '2021-09-02 10:30:00', '2021-09-02 12:30:00', 9),
(63, '2021-08-24 10:00:00', '2021-08-24 13:30:00', 10),
(64, '2021-08-25 11:00:00', '2021-08-25 13:00:00', 10),
(65, '2021-08-26 10:30:00', '2021-08-26 13:00:00', 10),
(66, '2021-09-01 10:30:00', '2021-09-01 13:30:00', 10),
(67, '2021-09-02 10:00:00', '2021-09-02 12:00:00', 10),
(68, '2021-08-25 10:30:00', '2021-08-25 13:30:00', 11),
(69, '2021-08-26 10:00:00', '2021-08-26 12:00:00', 11),
(70, '2021-08-27 11:00:00', '2021-08-27 13:00:00', 11),
(71, '2021-08-30 10:00:00', '2021-08-30 13:00:00', 11),
(72, '2021-08-24 10:30:00', '2021-08-24 12:00:00', 12),
(73, '2021-08-25 10:00:00', '2021-08-25 13:30:00', 12),
(74, '2021-08-26 10:30:00', '2021-08-26 13:00:00', 12),
(75, '2021-08-27 10:00:00', '2021-08-27 11:30:00', 12),
(76, '2021-08-31 10:00:00', '2021-08-31 13:00:00', 12),
(77, '2021-08-27 10:00:00', '2021-08-27 13:30:00', 5),
(78, '2021-08-23 10:00:00', '2021-08-23 13:30:00', 5),
(79, '2021-09-01 09:00:00', '2021-09-01 15:00:00', 5),
(80, '2021-09-02 14:00:00', '2021-09-02 20:00:00', 5),
(81, '2021-09-03 11:30:00', '2021-09-03 15:30:00', 5),
(82, '2021-09-07 08:30:00', '2021-09-07 11:30:00', 5),
(86, '2021-09-09 09:00:00', '2021-09-09 11:00:00', 5),
(87, '2021-09-08 09:30:00', '2021-09-08 13:30:00', 5),
(88, '2021-09-03 08:30:00', '2021-09-03 14:30:00', 10),
(89, '2021-09-06 08:00:00', '2021-09-06 16:00:00', 10),
(90, '2021-09-07 09:00:00', '2021-09-07 14:00:00', 10),
(91, '2021-09-08 08:00:00', '2021-09-08 11:30:00', 10),
(92, '2021-09-09 11:00:00', '2021-09-09 18:00:00', 10),
(93, '2021-09-10 09:30:00', '2021-09-10 14:00:00', 10),
(94, '2021-09-02 09:00:00', '2021-09-02 00:00:00', 5),
(95, '2021-09-08 09:30:00', '2021-09-08 14:30:00', 11),
(96, '2021-09-10 09:00:00', '2021-09-10 09:30:00', 5),
(97, '2021-09-06 08:00:00', '2021-09-06 08:30:00', 5),
(99, '2021-09-10 10:00:00', '2021-09-10 13:30:00', 5),
(100, '2021-09-13 08:00:00', '2021-09-13 00:30:00', 5),
(101, '2021-09-14 09:00:00', '2021-09-14 00:00:00', 5),
(102, '2021-09-13 10:30:00', '2021-09-13 15:30:00', 5),
(103, '2021-09-14 10:00:00', '2021-09-14 14:00:00', 5),
(104, '2021-09-15 08:30:00', '2021-09-15 11:30:00', 5),
(105, '2021-09-16 13:00:00', '2021-09-16 20:00:00', 5),
(106, '2021-09-17 08:30:00', '2021-09-17 15:30:00', 5),
(107, '2021-09-20 09:00:00', '2021-09-20 14:00:00', 5),
(108, '2021-09-21 09:00:00', '2021-09-21 11:00:00', 5),
(109, '2021-09-21 15:30:00', '2021-09-21 20:30:00', 5),
(110, '2021-09-22 10:00:00', '2021-09-22 15:00:00', 5),
(111, '2021-09-13 08:30:00', '2021-09-13 14:00:00', 6),
(112, '2021-09-14 00:30:00', '2021-09-14 17:30:00', 6),
(113, '2021-09-15 09:30:00', '2021-09-15 14:00:00', 6),
(114, '2021-09-16 15:30:00', '2021-09-16 20:00:00', 6),
(115, '2021-09-17 09:00:00', '2021-09-17 13:30:00', 6),
(116, '2021-09-20 09:30:00', '2021-09-20 14:30:00', 6),
(117, '2021-09-21 09:00:00', '2021-09-21 10:30:00', 6),
(118, '2021-09-22 11:00:00', '2021-09-22 14:30:00', 6),
(119, '2021-09-06 09:30:00', '2021-09-06 13:30:00', 7),
(120, '2021-09-13 11:00:00', '2021-09-13 15:30:00', 7),
(122, '2021-09-14 00:30:00', '2021-09-14 16:00:00', 7),
(123, '2021-09-15 10:30:00', '2021-09-15 18:30:00', 7),
(124, '2021-09-16 13:30:00', '2021-09-16 16:00:00', 7),
(125, '2021-09-17 10:30:00', '2021-09-17 13:30:00', 7),
(126, '2021-09-21 08:00:00', '2021-09-21 00:30:00', 7),
(127, '2021-09-20 10:30:00', '2021-09-20 14:30:00', 7),
(128, '2021-09-22 13:00:00', '2021-09-22 16:30:00', 7),
(129, '2021-09-13 08:30:00', '2021-09-13 14:00:00', 8),
(131, '2021-09-14 00:30:00', '2021-09-14 18:30:00', 8),
(132, '2021-09-15 00:00:00', '2021-09-15 16:30:00', 8),
(133, '2021-09-16 16:30:00', '2021-09-16 20:30:00', 8),
(134, '2021-09-17 13:30:00', '2021-09-17 15:00:00', 8),
(135, '2021-09-20 09:30:00', '2021-09-20 14:00:00', 8),
(136, '2021-09-21 08:30:00', '2021-09-21 11:00:00', 8),
(137, '2021-09-22 11:30:00', '2021-09-22 14:30:00', 8),
(138, '2021-09-23 09:00:00', '2021-09-23 11:30:00', 8),
(139, '2021-09-13 09:00:00', '2021-09-13 17:00:00', 9),
(140, '2021-09-14 10:30:00', '2021-09-14 14:30:00', 9),
(141, '2021-09-14 17:00:00', '2021-09-14 19:00:00', 9),
(142, '2021-09-15 11:30:00', '2021-09-15 20:30:00', 9),
(143, '2021-09-16 08:00:00', '2021-09-16 13:30:00', 9),
(144, '2021-09-17 00:30:00', '2021-09-17 15:30:00', 9),
(145, '2021-09-20 09:00:00', '2021-09-20 15:30:00', 9),
(146, '2021-09-21 11:30:00', '2021-09-21 18:00:00', 9),
(147, '2021-09-22 08:00:00', '2021-09-22 10:30:00', 9),
(148, '2021-09-13 09:00:00', '2021-09-13 14:00:00', 11),
(149, '2021-09-14 11:00:00', '2021-09-14 19:00:00', 11),
(151, '2021-09-16 10:30:00', '2021-09-16 15:00:00', 11),
(152, '2021-09-17 08:30:00', '2021-09-17 00:00:00', 11),
(153, '2021-09-20 09:30:00', '2021-09-20 19:30:00', 11),
(154, '2021-09-21 08:00:00', '2021-09-21 11:30:00', 11),
(155, '2021-09-22 11:30:00', '2021-09-22 15:00:00', 11),
(156, '2021-09-06 08:30:00', '2021-09-06 00:00:00', 17),
(157, '2021-09-07 09:00:00', '2021-09-07 00:30:00', 17),
(158, '2021-09-14 08:30:00', '2021-09-14 11:30:00', 17),
(159, '2021-09-16 09:30:00', '2021-09-16 00:00:00', 17),
(160, '2021-09-17 08:30:00', '2021-09-17 14:00:00', 17),
(161, '2021-08-30 09:30:00', '2021-08-30 00:00:00', 18),
(162, '2021-08-31 11:30:00', '2021-08-31 14:00:00', 18),
(163, '2021-09-02 10:30:00', '2021-09-02 00:30:00', 18),
(164, '2021-08-16 08:30:00', '2021-08-16 11:00:00', 19),
(165, '2021-08-19 09:00:00', '2021-08-19 13:00:00', 19),
(166, '2021-09-13 09:30:00', '2021-09-13 13:00:00', 10),
(167, '2021-09-14 09:30:00', '2021-09-14 15:00:00', 10),
(169, '2021-09-13 09:00:00', '2021-09-13 14:00:00', 21),
(170, '2021-09-15 08:00:00', '2021-09-15 09:30:00', 21),
(171, '2021-09-14 00:30:00', '2021-09-14 19:00:00', 21),
(174, '2021-09-17 10:30:00', '2021-09-17 14:00:00', 10),
(176, '2021-09-15 09:30:00', '2021-09-15 00:00:00', 10),
(177, '2021-09-27 09:00:00', '2021-09-27 00:00:00', 10),
(178, '2021-09-28 09:00:00', '2021-09-28 00:00:00', 10),
(179, '2021-09-29 11:00:00', '2021-09-29 18:00:00', 10),
(180, '2021-09-23 09:00:00', '2021-09-23 12:00:00', 5),
(181, '2021-09-24 10:00:00', '2021-09-24 16:00:00', 5),
(182, '2021-09-27 09:30:00', '2021-09-27 11:00:00', 5),
(183, '2021-09-27 12:00:00', '2021-09-27 15:30:00', 5),
(184, '2021-09-28 08:30:00', '2021-09-28 12:00:00', 5),
(185, '2021-09-29 08:30:00', '2021-09-29 12:30:00', 5),
(186, '2021-09-12 22:00:00', '2021-09-12 22:00:00', 5),
(187, '2021-09-30 08:30:00', '2021-09-30 10:30:00', 5),
(188, '2021-10-01 09:30:00', '2021-10-01 12:30:00', 5),
(189, '2021-09-30 11:30:00', '2021-09-30 15:30:00', 5),
(190, '2021-09-20 09:00:00', '2021-09-20 13:00:00', 22),
(191, '2021-09-21 11:00:00', '2021-09-21 14:00:00', 22),
(192, '2021-09-23 15:00:00', '2021-09-23 17:30:00', 22),
(193, '2021-09-28 10:00:00', '2021-09-28 13:30:00', 22),
(194, '2021-09-29 16:30:00', '2021-09-29 19:00:00', 22),
(195, '2021-09-14 11:00:00', '2021-09-14 15:00:00', 22),
(196, '2021-09-06 08:30:00', '2021-09-06 11:00:00', 23),
(197, '2021-09-08 13:00:00', '2021-09-08 15:00:00', 23),
(198, '2021-09-21 10:00:00', '2021-09-21 13:00:00', 23),
(199, '2021-09-23 15:00:00', '2021-09-23 17:00:00', 23),
(200, '2021-09-28 11:00:00', '2021-09-28 17:30:00', 23),
(201, '2021-09-29 08:00:00', '2021-09-29 14:00:00', 23),
(202, '2021-09-30 17:30:00', '2021-09-30 20:00:00', 23),
(203, '2021-09-17 08:30:00', '2021-09-17 11:30:00', 24),
(204, '2021-09-20 09:00:00', '2021-09-20 16:00:00', 24),
(205, '2021-09-21 14:00:00', '2021-09-21 17:00:00', 24),
(206, '2021-09-23 08:00:00', '2021-09-23 12:30:00', 24),
(207, '2021-09-28 08:30:00', '2021-09-28 12:00:00', 24),
(208, '2021-09-29 10:30:00', '2021-09-29 14:30:00', 24),
(209, '2021-09-06 09:00:00', '2021-09-06 10:30:00', 25),
(210, '2021-09-08 11:30:00', '2021-09-08 13:00:00', 25),
(211, '2021-09-17 10:00:00', '2021-09-17 12:00:00', 25),
(212, '2021-09-21 10:00:00', '2021-09-21 13:00:00', 25),
(213, '2021-09-22 12:30:00', '2021-09-22 16:00:00', 25),
(214, '2021-09-24 10:30:00', '2021-09-24 12:30:00', 25),
(215, '2021-09-30 12:00:00', '2021-09-30 14:30:00', 25),
(216, '2021-09-28 11:00:00', '2021-09-28 13:30:00', 25),
(217, '2021-09-20 08:30:00', '2021-09-20 10:30:00', 26),
(218, '2021-09-21 11:00:00', '2021-09-21 14:30:00', 26),
(219, '2021-09-23 11:00:00', '2021-09-23 12:30:00', 26),
(220, '2021-09-28 08:00:00', '2021-09-28 10:30:00', 26),
(221, '2021-09-29 10:00:00', '2021-09-29 13:30:00', 26),
(222, '2021-08-30 08:30:00', '2021-08-30 10:30:00', 26),
(223, '2021-09-15 09:00:00', '2021-09-15 11:30:00', 26),
(224, '2021-09-16 08:30:00', '2021-09-16 12:00:00', 27),
(225, '2021-09-17 12:00:00', '2021-09-17 13:30:00', 27),
(226, '2021-09-20 13:00:00', '2021-09-20 15:30:00', 27),
(227, '2021-09-22 10:00:00', '2021-09-22 12:30:00', 27),
(228, '2021-09-24 08:00:00', '2021-09-24 12:00:00', 27),
(229, '2021-09-28 08:30:00', '2021-09-28 11:00:00', 27),
(230, '2021-10-01 09:30:00', '2021-10-01 13:00:00', 27),
(231, '2021-09-13 08:30:00', '2021-09-13 10:30:00', 28),
(232, '2021-09-16 08:30:00', '2021-09-16 11:30:00', 28),
(233, '2021-09-21 08:30:00', '2021-09-21 10:30:00', 28),
(234, '2021-09-23 09:30:00', '2021-09-23 13:00:00', 28),
(235, '2021-09-28 10:30:00', '2021-09-28 16:00:00', 28),
(236, '2021-09-30 09:30:00', '2021-09-30 11:30:00', 28),
(237, '2021-10-01 10:00:00', '2021-10-01 14:00:00', 28),
(238, '2021-09-16 08:00:00', '2021-09-16 11:00:00', 29),
(239, '2021-09-17 08:00:00', '2021-09-17 11:00:00', 29),
(240, '2021-09-07 08:00:00', '2021-09-07 09:30:00', 29),
(241, '2021-09-09 08:00:00', '2021-09-09 09:30:00', 29),
(242, '2021-09-21 08:00:00', '2021-09-21 10:00:00', 29),
(243, '2021-09-24 08:00:00', '2021-09-24 10:00:00', 29),
(244, '2021-09-30 08:00:00', '2021-09-30 09:30:00', 29),
(245, '2021-09-13 08:00:00', '2021-09-13 09:30:00', 30),
(246, '2021-09-06 10:30:00', '2021-09-06 13:00:00', 30),
(247, '2021-09-17 09:00:00', '2021-09-17 14:30:00', 30),
(248, '2021-09-22 09:30:00', '2021-09-22 13:30:00', 30),
(249, '2021-09-24 11:30:00', '2021-09-24 17:00:00', 30),
(250, '2021-09-20 14:00:00', '2021-09-20 15:30:00', 30),
(251, '2021-09-27 09:00:00', '2021-09-27 12:00:00', 30),
(252, '2021-09-30 16:30:00', '2021-09-30 18:30:00', 30),
(253, '2021-09-29 13:30:00', '2021-09-29 15:30:00', 30),
(254, '2021-10-06 13:30:00', '2021-10-06 15:30:00', 30),
(255, '2021-09-17 09:30:00', '2021-09-17 16:00:00', 31),
(256, '2021-09-15 08:30:00', '2021-09-15 10:30:00', 31),
(257, '2021-09-13 09:00:00', '2021-09-13 11:00:00', 31),
(258, '2021-09-20 13:00:00', '2021-09-20 17:00:00', 31),
(259, '2021-09-22 09:30:00', '2021-09-22 11:30:00', 31),
(260, '2021-09-24 12:30:00', '2021-09-24 15:00:00', 31),
(261, '2021-09-27 09:00:00', '2021-09-27 12:30:00', 31),
(262, '2021-09-30 12:00:00', '2021-09-30 17:30:00', 31),
(263, '2021-09-13 08:30:00', '2021-09-13 10:30:00', 32),
(264, '2021-09-17 10:30:00', '2021-09-17 16:00:00', 32),
(265, '2021-09-16 09:00:00', '2021-09-16 11:00:00', 32),
(266, '2021-09-21 10:00:00', '2021-09-21 15:00:00', 32),
(267, '2021-09-23 08:00:00', '2021-09-23 10:00:00', 32),
(268, '2021-10-01 08:00:00', '2021-10-01 10:00:00', 32),
(269, '2021-09-29 10:00:00', '2021-09-29 11:30:00', 32),
(270, '2021-09-30 12:30:00', '2021-09-30 14:30:00', 32),
(271, '2021-09-07 08:30:00', '2021-09-07 10:30:00', 33),
(272, '2021-09-08 10:30:00', '2021-09-08 11:00:00', 33),
(273, '2021-09-17 08:30:00', '2021-09-17 12:30:00', 33),
(274, '2021-09-16 12:30:00', '2021-09-16 14:30:00', 33),
(275, '2021-09-20 10:00:00', '2021-09-20 14:00:00', 33),
(276, '2021-09-23 12:30:00', '2021-09-23 18:00:00', 33),
(277, '2021-09-28 12:00:00', '2021-09-28 15:00:00', 33),
(278, '2021-09-29 17:30:00', '2021-09-29 21:00:00', 33),
(279, '2021-10-01 13:30:00', '2021-10-01 15:30:00', 33),
(280, '2021-09-13 08:00:00', '2021-09-13 09:30:00', 34),
(281, '2021-09-06 10:30:00', '2021-09-06 11:30:00', 34),
(282, '2021-09-16 08:30:00', '2021-09-16 11:30:00', 34),
(283, '2021-09-20 12:00:00', '2021-09-20 15:30:00', 34),
(284, '2021-09-22 09:00:00', '2021-09-22 12:00:00', 34),
(285, '2021-09-24 13:30:00', '2021-09-24 17:30:00', 34),
(286, '2021-09-30 10:00:00', '2021-09-30 13:00:00', 34),
(287, '2021-08-31 10:00:00', '2021-08-31 11:00:00', 35),
(288, '2021-09-03 09:00:00', '2021-09-03 10:00:00', 35),
(289, '2021-09-17 08:30:00', '2021-09-17 11:00:00', 35),
(290, '2021-09-16 11:00:00', '2021-09-16 12:30:00', 35),
(291, '2021-09-20 08:30:00', '2021-09-20 14:30:00', 35),
(292, '2021-09-23 12:00:00', '2021-09-23 17:30:00', 35),
(293, '2021-09-28 12:00:00', '2021-09-28 14:00:00', 35),
(294, '2021-10-01 17:00:00', '2021-10-01 19:00:00', 35),
(295, '2021-09-08 08:30:00', '2021-09-08 09:00:00', 36),
(296, '2021-09-07 10:30:00', '2021-09-07 11:30:00', 36),
(297, '2021-09-17 09:00:00', '2021-09-17 13:30:00', 36),
(298, '2021-09-16 13:30:00', '2021-09-16 15:30:00', 36),
(299, '2021-09-21 13:30:00', '2021-09-21 20:00:00', 36),
(300, '2021-09-23 09:30:00', '2021-09-23 13:00:00', 36),
(301, '2021-09-24 12:30:00', '2021-09-24 14:00:00', 36),
(302, '2021-09-28 09:30:00', '2021-09-28 13:00:00', 36),
(303, '2021-10-01 12:30:00', '2021-10-01 15:30:00', 36),
(304, '2021-09-07 08:00:00', '2021-09-07 09:30:00', 37),
(305, '2021-09-09 08:00:00', '2021-09-09 09:30:00', 37),
(306, '2021-09-17 08:00:00', '2021-09-17 11:00:00', 37),
(307, '2021-09-16 11:00:00', '2021-09-16 15:30:00', 37),
(308, '2021-09-20 09:30:00', '2021-09-20 12:00:00', 37),
(309, '2021-09-22 12:00:00', '2021-09-22 18:30:00', 37),
(310, '2021-09-23 11:00:00', '2021-09-23 14:00:00', 37),
(311, '2021-09-27 10:00:00', '2021-09-27 12:30:00', 37),
(312, '2021-09-29 13:00:00', '2021-09-29 14:30:00', 37),
(313, '2021-09-22 08:30:00', '2021-09-22 11:30:00', 21),
(314, '2021-09-24 08:00:00', '2021-09-24 15:00:00', 21),
(315, '2021-09-20 10:30:00', '2021-09-20 13:00:00', 21),
(316, '2021-09-17 09:30:00', '2021-09-17 13:00:00', 21),
(317, '2021-09-06 09:00:00', '2021-09-06 10:30:00', 38),
(318, '2021-09-15 11:30:00', '2021-09-15 12:30:00', 38),
(319, '2021-09-21 09:00:00', '2021-09-21 13:00:00', 38),
(320, '2021-09-24 08:00:00', '2021-09-24 16:30:00', 38),
(321, '2021-09-17 15:30:00', '2021-09-17 18:00:00', 38),
(322, '2021-09-28 10:30:00', '2021-09-28 15:00:00', 38),
(323, '2021-09-30 16:00:00', '2021-09-30 19:30:00', 38),
(324, '2021-09-06 10:30:00', '2021-09-06 11:30:00', 39),
(325, '2021-09-09 11:00:00', '2021-09-09 12:30:00', 39),
(326, '2021-09-14 09:00:00', '2021-09-14 10:00:00', 39),
(327, '2021-09-16 12:00:00', '2021-09-16 14:00:00', 39),
(328, '2021-09-17 08:00:00', '2021-09-17 11:30:00', 39),
(329, '2021-09-20 08:00:00', '2021-09-20 12:30:00', 39),
(330, '2021-09-22 14:00:00', '2021-09-22 19:30:00', 39),
(331, '2021-09-24 13:00:00', '2021-09-24 16:00:00', 39),
(332, '2021-09-27 10:00:00', '2021-09-27 14:30:00', 39),
(333, '2021-09-28 14:00:00', '2021-09-28 17:00:00', 39),
(334, '2021-09-30 10:30:00', '2021-09-30 13:00:00', 39),
(335, '2021-09-17 08:00:00', '2021-09-17 11:00:00', 40),
(336, '2021-09-16 13:00:00', '2021-09-16 15:30:00', 40),
(337, '2021-09-06 10:00:00', '2021-09-06 11:00:00', 40),
(338, '2021-09-07 12:30:00', '2021-09-07 13:30:00', 40),
(339, '2021-09-20 16:00:00', '2021-09-20 20:00:00', 40),
(340, '2021-09-22 11:00:00', '2021-09-22 14:30:00', 40),
(341, '2021-09-23 09:00:00', '2021-09-23 12:00:00', 40),
(342, '2021-09-29 09:00:00', '2021-09-29 11:00:00', 40),
(343, '2021-09-28 11:30:00', '2021-09-28 15:00:00', 40),
(344, '2021-09-06 09:00:00', '2021-09-06 10:00:00', 41),
(345, '2021-09-08 10:00:00', '2021-09-08 11:00:00', 41),
(346, '2021-09-16 11:00:00', '2021-09-16 13:00:00', 41),
(347, '2021-09-17 08:00:00', '2021-09-17 11:00:00', 41),
(348, '2021-09-21 10:30:00', '2021-09-21 15:30:00', 41),
(349, '2021-09-23 08:30:00', '2021-09-23 13:00:00', 41),
(350, '2021-09-27 10:00:00', '2021-09-27 16:00:00', 41),
(351, '2021-09-29 09:30:00', '2021-09-29 11:30:00', 41),
(352, '2021-10-01 08:30:00', '2021-10-01 13:30:00', 41),
(353, '2021-09-13 08:30:00', '2021-09-13 10:30:00', 42),
(354, '2021-09-08 08:30:00', '2021-09-08 10:00:00', 42),
(355, '2021-09-16 08:00:00', '2021-09-16 11:00:00', 42),
(356, '2021-09-17 11:30:00', '2021-09-17 14:30:00', 42),
(357, '2021-09-21 10:30:00', '2021-09-21 17:30:00', 42),
(358, '2021-09-22 09:30:00', '2021-09-22 12:00:00', 42),
(359, '2021-09-24 08:30:00', '2021-09-24 13:00:00', 42),
(360, '2021-09-29 09:00:00', '2021-09-29 13:00:00', 42),
(361, '2021-09-27 13:30:00', '2021-09-27 15:00:00', 42),
(362, '2021-09-13 09:30:00', '2021-09-13 11:00:00', 43),
(363, '2021-09-06 08:30:00', '2021-09-06 10:00:00', 43),
(364, '2021-09-09 09:30:00', '2021-09-09 10:00:00', 43),
(365, '2021-09-16 08:30:00', '2021-09-16 12:00:00', 43),
(366, '2021-09-17 14:30:00', '2021-09-17 17:30:00', 43),
(367, '2021-09-21 09:30:00', '2021-09-21 17:30:00', 43),
(368, '2021-09-23 10:00:00', '2021-09-23 12:30:00', 43),
(369, '2021-09-24 13:30:00', '2021-09-24 16:30:00', 43),
(370, '2021-09-29 08:30:00', '2021-09-29 10:30:00', 43),
(371, '2021-09-27 11:30:00', '2021-09-27 15:00:00', 43),
(372, '2021-09-17 08:00:00', '2021-09-17 11:00:00', 44),
(373, '2021-09-16 12:00:00', '2021-09-16 15:30:00', 44),
(374, '2021-09-13 09:00:00', '2021-09-13 09:30:00', 44),
(375, '2021-09-06 09:30:00', '2021-09-06 11:00:00', 44),
(376, '2021-09-21 09:30:00', '2021-09-21 13:00:00', 44),
(377, '2021-09-23 08:00:00', '2021-09-23 15:30:00', 44),
(378, '2021-09-22 15:30:00', '2021-09-22 17:30:00', 44),
(379, '2021-09-27 12:30:00', '2021-09-27 15:30:00', 44),
(380, '2021-09-29 09:30:00', '2021-09-29 13:30:00', 44),
(381, '2021-09-30 13:30:00', '2021-09-30 15:30:00', 44),
(382, '2021-09-17 11:30:00', '2021-09-17 15:30:00', 45),
(383, '2021-09-16 09:00:00', '2021-09-16 11:00:00', 45),
(384, '2021-09-13 10:30:00', '2021-09-13 11:00:00', 45),
(385, '2021-09-06 09:30:00', '2021-09-06 11:30:00', 45),
(386, '2021-09-08 10:00:00', '2021-09-08 10:30:00', 45),
(387, '2021-09-20 09:00:00', '2021-09-20 16:30:00', 45),
(388, '2021-09-22 10:00:00', '2021-09-22 12:00:00', 45),
(389, '2021-09-23 14:30:00', '2021-09-23 18:30:00', 45),
(390, '2021-09-27 10:30:00', '2021-09-27 14:00:00', 45),
(391, '2021-09-29 12:30:00', '2021-09-29 16:00:00', 45),
(392, '2021-09-30 11:00:00', '2021-09-30 12:30:00', 45),
(393, '2021-09-13 10:00:00', '2021-09-13 11:00:00', 46),
(394, '2021-09-14 11:30:00', '2021-09-14 12:30:00', 46),
(395, '2021-09-16 09:00:00', '2021-09-16 15:00:00', 46),
(396, '2021-09-20 10:00:00', '2021-09-20 14:00:00', 46),
(397, '2021-09-21 13:00:00', '2021-09-21 16:30:00', 46),
(398, '2021-09-23 08:00:00', '2021-09-23 10:30:00', 46),
(399, '2021-09-27 16:00:00', '2021-09-27 18:30:00', 46),
(400, '2021-09-29 10:00:00', '2021-09-29 12:00:00', 46),
(401, '2021-09-28 10:30:00', '2021-09-28 16:30:00', 46),
(402, '2021-10-01 12:00:00', '2021-10-01 14:30:00', 46),
(403, '2021-09-13 11:30:00', '2021-09-13 12:30:00', 47),
(404, '2021-09-14 13:00:00', '2021-09-14 14:30:00', 47),
(405, '2021-09-16 11:30:00', '2021-09-16 14:30:00', 47),
(406, '2021-09-17 08:00:00', '2021-09-17 10:00:00', 47),
(407, '2021-09-20 13:30:00', '2021-09-20 18:00:00', 47),
(408, '2021-09-22 09:00:00', '2021-09-22 16:00:00', 47),
(409, '2021-09-23 08:00:00', '2021-09-23 11:00:00', 47),
(410, '2021-09-27 08:30:00', '2021-09-27 11:30:00', 47),
(411, '2021-09-28 11:00:00', '2021-09-28 13:00:00', 47),
(412, '2021-09-30 12:30:00', '2021-09-30 18:00:00', 47),
(413, '2021-09-17 09:00:00', '2021-09-17 15:00:00', 48),
(414, '2021-09-16 12:30:00', '2021-09-16 13:30:00', 48),
(415, '2021-09-13 09:30:00', '2021-09-13 10:30:00', 48),
(416, '2021-09-06 11:30:00', '2021-09-06 12:30:00', 48),
(417, '2021-09-08 10:00:00', '2021-09-08 10:30:00', 48),
(418, '2021-09-20 08:30:00', '2021-09-20 10:30:00', 48),
(419, '2021-09-22 10:30:00', '2021-09-22 16:30:00', 48),
(420, '2021-09-23 09:00:00', '2021-09-23 12:30:00', 48),
(421, '2021-09-27 11:00:00', '2021-09-27 16:30:00', 48),
(422, '2021-09-28 10:00:00', '2021-09-28 12:30:00', 48),
(423, '2021-09-30 14:30:00', '2021-09-30 19:00:00', 48),
(424, '2021-09-13 08:30:00', '2021-09-13 09:30:00', 49),
(425, '2021-09-06 11:00:00', '2021-09-06 11:30:00', 49),
(426, '2021-09-09 08:30:00', '2021-09-09 09:00:00', 49),
(427, '2021-09-16 08:30:00', '2021-09-16 11:30:00', 49),
(428, '2021-09-17 11:00:00', '2021-09-17 14:30:00', 49),
(429, '2021-09-21 08:30:00', '2021-09-21 16:00:00', 49),
(430, '2021-09-22 14:00:00', '2021-09-22 18:30:00', 49),
(431, '2021-09-23 10:00:00', '2021-09-23 12:30:00', 49),
(432, '2021-09-28 08:00:00', '2021-09-28 11:30:00', 49),
(433, '2021-09-30 10:00:00', '2021-09-30 15:00:00', 49),
(434, '2021-10-01 08:30:00', '2021-10-01 13:00:00', 49),
(435, '2021-09-13 08:00:00', '2021-09-13 09:00:00', 50),
(436, '2021-09-14 10:00:00', '2021-09-14 10:30:00', 50),
(437, '2021-09-16 11:00:00', '2021-09-16 14:30:00', 50),
(438, '2021-09-17 12:30:00', '2021-09-17 16:30:00', 50),
(439, '2021-09-21 11:00:00', '2021-09-21 14:00:00', 50),
(440, '2021-09-22 12:30:00', '2021-09-22 16:00:00', 50),
(441, '2021-09-24 08:30:00', '2021-09-24 17:30:00', 50),
(442, '2021-09-29 12:30:00', '2021-09-29 16:30:00', 50),
(443, '2021-09-27 11:30:00', '2021-09-27 17:30:00', 50),
(444, '2021-09-30 12:30:00', '2021-09-30 14:00:00', 50),
(445, '2021-09-06 10:30:00', '2021-09-06 11:30:00', 50),
(446, '2021-09-17 10:00:00', '2021-09-17 15:00:00', 51),
(447, '2021-09-16 08:00:00', '2021-09-16 12:00:00', 51),
(448, '2021-09-13 09:00:00', '2021-09-13 09:30:00', 51),
(449, '2021-09-14 10:00:00', '2021-09-14 10:30:00', 51),
(450, '2021-09-07 08:30:00', '2021-09-07 10:00:00', 51),
(451, '2021-09-21 12:00:00', '2021-09-21 18:30:00', 51),
(452, '2021-09-22 11:30:00', '2021-09-22 13:30:00', 51),
(453, '2021-09-23 14:30:00', '2021-09-23 17:00:00', 51),
(454, '2021-09-27 11:30:00', '2021-09-27 17:30:00', 51),
(455, '2021-09-28 14:00:00', '2021-09-28 16:00:00', 51),
(456, '2021-10-01 10:00:00', '2021-10-01 18:30:00', 51),
(457, '2021-09-14 09:00:00', '2021-09-14 09:30:00', 52),
(458, '2021-09-16 08:00:00', '2021-09-16 13:30:00', 52),
(459, '2021-09-17 10:30:00', '2021-09-17 14:30:00', 52),
(460, '2021-09-06 08:30:00', '2021-09-06 09:00:00', 52),
(461, '2021-09-07 11:30:00', '2021-09-07 12:00:00', 52),
(462, '2021-09-20 09:30:00', '2021-09-20 13:30:00', 52),
(463, '2021-09-22 12:00:00', '2021-09-22 18:00:00', 52),
(464, '2021-09-24 12:30:00', '2021-09-24 15:00:00', 52),
(465, '2021-09-27 12:00:00', '2021-09-27 15:30:00', 52),
(466, '2021-09-28 13:00:00', '2021-09-28 17:30:00', 52),
(467, '2021-09-29 09:00:00', '2021-09-29 12:00:00', 52),
(468, '2021-10-01 12:30:00', '2021-10-01 15:30:00', 52),
(469, '2021-09-17 08:00:00', '2021-09-17 13:00:00', 53),
(470, '2021-09-16 09:00:00', '2021-09-16 15:30:00', 53),
(471, '2021-09-14 09:00:00', '2021-09-14 09:30:00', 53),
(472, '2021-09-13 11:30:00', '2021-09-13 12:30:00', 53),
(473, '2021-09-07 09:30:00', '2021-09-07 10:00:00', 53),
(474, '2021-09-20 11:00:00', '2021-09-20 14:30:00', 53),
(475, '2021-09-22 08:00:00', '2021-09-22 13:00:00', 53),
(476, '2021-09-23 11:00:00', '2021-09-23 16:30:00', 53),
(477, '2021-09-24 09:00:00', '2021-09-24 14:00:00', 53),
(478, '2021-09-27 09:00:00', '2021-09-27 12:00:00', 53),
(479, '2021-09-28 10:30:00', '2021-09-28 15:00:00', 53),
(480, '2021-09-17 11:00:00', '2021-09-17 17:00:00', 54),
(481, '2021-09-16 08:30:00', '2021-09-16 12:00:00', 54),
(482, '2021-09-13 08:30:00', '2021-09-13 09:00:00', 54),
(483, '2021-09-14 09:30:00', '2021-09-14 10:00:00', 54),
(484, '2021-09-06 09:00:00', '2021-09-06 10:00:00', 54),
(485, '2021-09-21 08:00:00', '2021-09-21 15:00:00', 54),
(486, '2021-09-22 12:00:00', '2021-09-22 16:30:00', 54),
(487, '2021-09-23 09:00:00', '2021-09-23 13:30:00', 54),
(488, '2021-09-24 16:00:00', '2021-09-24 19:30:00', 54),
(489, '2021-09-27 12:00:00', '2021-09-27 16:00:00', 54),
(490, '2021-09-29 08:00:00', '2021-09-29 13:30:00', 54),
(491, '2021-10-01 10:30:00', '2021-10-01 17:30:00', 54),
(492, '2021-10-04 12:00:00', '2021-10-04 16:00:00', 54),
(493, '2021-09-17 08:00:00', '2021-09-17 11:00:00', 55),
(494, '2021-09-16 08:00:00', '2021-09-16 09:30:00', 55),
(495, '2021-09-13 08:00:00', '2021-09-13 09:30:00', 55),
(496, '2021-09-06 08:00:00', '2021-09-06 09:30:00', 55),
(497, '2021-09-22 08:00:00', '2021-09-22 09:00:00', 55),
(498, '2021-09-20 08:00:00', '2021-09-20 10:00:00', 55),
(499, '2021-09-24 08:00:00', '2021-09-24 11:00:00', 55),
(500, '2021-09-28 08:00:00', '2021-09-28 10:30:00', 55),
(501, '2021-09-27 08:00:00', '2021-09-27 09:00:00', 55),
(502, '2021-09-30 08:00:00', '2021-09-30 09:30:00', 55),
(503, '2021-09-23 09:00:00', '2021-09-23 12:00:00', 56),
(504, '2021-09-21 10:00:00', '2021-09-21 13:00:00', 56),
(505, '2021-09-22 15:30:00', '2021-09-22 19:00:00', 56);

-- --------------------------------------------------------

--
-- Struktura tabeli dla tabeli `cities`
--

CREATE TABLE `cities` (
  `id` bigint(20) NOT NULL,
  `name` varchar(255) DEFAULT NULL
) ENGINE=InnoDB DEFAULT CHARSET=utf8mb4;

--
-- Zrzut danych tabeli `cities`
--

INSERT INTO `cities` (`id`, `name`) VALUES
(1, 'Kraków'),
(2, 'Warszawa'),
(3, 'Gdańsk');

-- --------------------------------------------------------

--
-- Struktura tabeli dla tabeli `doctors`
--

CREATE TABLE `doctors` (
  `id` bigint(20) NOT NULL,
  `address` varchar(255) DEFAULT NULL,
  `description` varchar(255) DEFAULT NULL,
  `phone_number` varchar(255) DEFAULT NULL,
  `city_id` bigint(20) DEFAULT NULL,
  `specialization_id` bigint(20) DEFAULT NULL,
  `user_id` bigint(20) DEFAULT NULL
) ENGINE=InnoDB DEFAULT CHARSET=utf8mb4;

--
-- Zrzut danych tabeli `doctors`
--

INSERT INTO `doctors` (`id`, `address`, `description`, `phone_number`, `city_id`, `specialization_id`, `user_id`) VALUES
(5, 'Wielkopolska 23', 'Jestem lekarzem z 5-cio letnim doświadczeniem. Swoje umiejętności zbierałem na Uniwersytecie Jagiellońskim, a pierwsze doświadczenie w Szpitalu Akademickim.  ', '341123232', 1, 1, 13),
(6, 'Małopolska 2', 'Jestem osobą, której zależy na każdym pacjencie. Kocham pomagać, dlatego od małego interesuję się medycyną. \nZbierałam doświadczenie zarówno w Anglii jak i będąc wolontariuszką w krajach Afryki.', '834123532', 1, 1, 14),
(7, 'Rydlówka 23', 'Jestem doktorem z wieloletnim doświadczeniem, które od najmłodszych lat zbierałem od czasu studiów, przez wolontariat i pracę w szpitalu, aż po pracę w prywatnej przychodni. Posiadam stałych pacjentów którzy są bardzo zadowoleni z naszej współpracy.', '995123128', 1, 1, 15),
(8, 'Bielska 64', 'Jestem lekarzem z wieloletnim doświadczeniem. Swoich pacjentów traktuję z należytą starannością i szacunkiem, zawsze ich wysłuchuję oraz doradzam co dla nich najlepsze.', '842123842', 1, 2, 16),
(9, 'Mariacka 23', 'Jestem lekarzem z zamiłowania, uwielbiam nieść pomoc innym, dlatego zdecydowałam się na studia medyczne. Dzięki zdobytej wiedzy pracowałam w kilku szpitalach, teraz postanowiłam otworzyć własny gabinet.', '884123123', 1, 2, 17),
(10, 'Naruszewicza 83', 'Ze stomatologią jestem związany od lat dziecięcych. Moi rodzice stomatolodzy przyuczali mnie zawodu już w wieku przedszkolnym. Teraz, mając 10-letnie doświadczenie pomagam wszystkim pacjentom z chęcią i zapałem.', '648129324', 1, 2, 18),
(11, 'Krakowska 23', 'Jestem lekarzem z zamiłowania, przyjmuję pacjentów od 7 lat w swoim gabinecie i zawsze traktuję ich z należytym szacunkiem oraz powagą.', '431412333', 2, 3, 19),
(12, 'Miraszewska 5', 'Ukończyłem studia na Uniwersytecie Warszawskim z najwyższymi ocenami, doświadczenie zbierałem w najlepszych przychodniach, pod okiem wielu specjalistów.', '889424343', 2, 7, 20),
(13, 'Narodowa 23', 'Jestem dentystą z 20-sto letnim doświadczeniem.', '775354345', 2, 2, 21),
(14, 'Mostowa 2', NULL, '', 2, 3, 22),
(15, 'Sulikowska 2', NULL, '996323212', 1, 5, 23),
(16, 'Miłecka 2', 'Jestem lekarzem z 20-sto letnim doświadczeniem. Wiedzę zdobywałem na Uniwersytecie Jagiellońskim.', '690433123', 1, 3, 25),
(17, 'Dominikańska 33', 'Jestem doświadczonym lekarzem z najwyższymi uczelnianymi stopniami. Studia zakończyłem z wyróżnieniem, doszkalałem się przez wiele lat w szpitalach i prywatnych klinikach. Z dbałością podchodzę do każdego mojego pacjenta', '994231339', 1, 7, 27),
(18, 'Grodzka 87', 'Jestem lekarzem z powołania, bardzo poważnie i sumiennie podchodzę do swojego zawodu.', '783002321', 1, 6, 28),
(19, 'Grunwaldzka 2', 'Moje bogate doświadczenie uratowało już niejednego pacjenta.', '885321895', 1, 9, 29),
(20, 'Narodowa 22', 'Jestem lekarzem z 20-sto letnim doświadczeniem, które zdobywałem pracując w szpitalu oraz przychodni. Każdego pacjenta traktuję indywidualnie i z wielką starannością.', '793442719', 2, 3, 30),
(21, 'Słoneczna 3', 'Swoje doświadczenie zdobywałam w największych szpitalach w Polsce. Moich pacjentów traktuję z należytym szacunkiem i zawsze chcę dla nich jak najlepiej. ', '758231883', 2, 3, 31),
(22, 'Miejska 33', 'Posiadam duże doświadczenie oraz kulturę osobistą.', '844215232', 1, 3, 32),
(23, 'Jakuba 4', 'Jestem sobą kontaktową, dla której najważniejszą rzeczą jest dobro pacjentów.', '', 1, 3, 33),
(24, 'Mokra 2', NULL, '996234263', 1, 4, 34),
(25, 'Sportowa 33', 'Jestem młodą i ambitną lekarką, która kocha pomagać innym.', '892339092', 1, 4, 35),
(26, 'Powstańcza 2', 'Jestem lekarzem z wieloletnim doświadczeniem, które zdobywałem przez lata pracy w szpitalach na całym świecie.', '244215242', 1, 5, 36),
(27, 'Generała Tadeusza Kutrzeby 33', NULL, '839229021', 1, 6, 37),
(28, 'Kulewskiego 13', 'Pasją do leczenia ludzi zarazili mnie rodzice, od najmłodszych lat moim marzeniem było pomaganie innym.', '551421537', 1, 7, 38),
(29, 'Uniwersytecka 2', NULL, '', 1, 8, 39),
(30, 'Bieszczadzka 22', 'Swoją wiedzę zdobywałam będąc przez wiele lat w Ameryce, gdzie rozwijałem swoje umiejętności.', '412553732', 1, 1, 40),
(31, 'Mariacka 3', 'Jestem dentystką, która lubi wyzwania. Pomagam pacjentom nawet w najtrudniejszych przypadkach i doprowadzam ich uzębienie do porządku.', '995124022', 2, 2, 41),
(32, 'Krakowska 4/2', 'Jestem miłą i radosną lekarką, która znajdzie wyjście nawet z najpoważniejszej choroby.', '974992023', 2, 4, 42),
(33, 'Słoneczna 5', 'Pasją do zawodu zaraził mnie wujek. To dzięki niemu od najmłodszych lat poznawałem tajniki bycia lekarzem. Później doszkalałem się studiując i pracując w Anglii. ', '895523083', 1, 5, 43),
(34, 'Jemiołowa 2/11', 'Jestem lekarzem, któremu zależy na pacjentach. Każdego traktuję z szacunkiem i zawsze szukam rozwiązanie jego problemu. Swoje usługi przeprowadzam w 100% bezinwazyjnie.', '798332958', 2, 5, 44),
(35, 'Ursynowska 43', 'Posiadam wyższe wykształcenie, swoje doświadczenie zdobywałem w szpitalu dziecięcym.', '', 2, 6, 45),
(36, 'Szkolna 13', 'Od zawsze chciałem pracować jako ortopeda. Przez lata utwierdzałem się w tym przekonaniu, dzięki czemu ukończyłem studia w Warszawie, gdzie również zdobywałem swoje pierwsze doświadczenie.', '699328132', 2, 7, 46),
(37, 'Miejska 5', 'Ze mną żadne ukłucie nie będzie straszne ;)', '344164233', 2, 8, 47),
(38, 'Generalska 44', 'Elektroradiologią zajmuję się od 15 lat. Posiadam spore doświadczenie oraz dobre podejście do pacjentów.', '893992014', 2, 9, 48),
(39, 'Nadmorska 2', 'Uwielbiam pomagać innym oraz leczyć. Każdy pacjent jest dla mnie równie ważny i cenny.', '525325327', 3, 1, 49),
(40, 'Miejska 17', 'Jestem lekarzem z wieloletnim doświadczeniem uwielbiającym pomagać innym', '959229064', 3, 1, 50),
(41, 'Beskidzka 3', 'Wiertła to mój świat. Zapraszam do mojego gabinetu, a pokarzę, że nie są one niczym strasznym.', '892239844', 3, 2, 51),
(42, 'Kwiatowa 3', 'Jestem lekarzem z dużym doświadczeniem, który szanuje każdego pacjenta i stara się mu pomóc za wszelką cenę', '893991052', 3, 2, 52),
(43, 'Wielicka 3', 'Posiadam duże doświadczenie, które zdobywałem pzrez lata pracy w Niemczech', '523552642', 3, 3, 53),
(44, 'Sołecka 7', NULL, '522372351', 3, 2, 54),
(45, 'Wojskowa 4', 'Posiadam spore doświadczenie, które wykorzystuję w pracy na co dzień. Dbam o swoich pacjentów i chcę dla nich jak najlepiej', '526377323', 3, 3, 55),
(46, 'Jarmark 12', 'Pasja to pomocy ludzi zapoczątkowana została u mnie w wieku przedszkolnym. W pracy jako neurolog odkryłem swoje powołanie i w tym się spełniam', '993019332', 3, 4, 56),
(47, 'Piaskowa 1', 'Uwielbiam swoją pracę, chętnie niosę pomoc moim pacjentom.', '622384541', 3, 4, 57),
(48, 'Dyniecka 8', 'Posiadam duże doświadczenie mimo młodego wieku, które wykorzystuję w pracy na codzień', '733477635', 3, 5, 58),
(49, 'Nakielna 3', 'Słuchem zajmuję się już od 10 lat. Zawsze sumiennie podchodzę do każdego mojego pacjenta.\n', '835543887', 3, 5, 59),
(50, 'Słoneczna 3', 'Endokrynologia jest moją pasją. Specjalizuję się w tej dziedzinie od 10 lat i mam bogate doświadczenie. ', '748584934', 3, 6, 60),
(51, 'Stroma 5', 'Jestem rzetelnym i kompetentnym fachowcem w swojej dziedzinie. Endokrynologia to moja pasja.', '897527450', 3, 6, 61),
(52, 'Królewska 7', 'Jako specjalistka w swojej dziedzinie zapewniam swoim pacjentom efekty już po pierwszej wizycie.', '783564832', 3, 7, 62),
(53, 'Krzywa 87', 'Oferuję wiele usług, które poprawiają kondycję fizyczną moich pacjentów. ', '462845728', 3, 7, 63),
(54, 'Pokątna 78', 'Cenię sobie profesjonalizm, a w moim gabinecie zawsze panuje miła atmosfera.', '657374567', 3, 9, 64),
(55, 'Bukowa 67', 'Zawsze z najwyższą starannością podchodzę do opieki nad pacjentami i jestem zaangażowana w swoją pracę. ', '712396745', 3, 8, 65),
(56, 'Jakubińska 3', 'Pomoc innym to moja pasja. Każdego pacjenta traktuję z szacunkiem i zawsze staram się mu pomóc', '889423992', 1, 9, 74);

-- --------------------------------------------------------

--
-- Struktura tabeli dla tabeli `doctor_services`
--

CREATE TABLE `doctor_services` (
  `id` bigint(20) NOT NULL,
  `price` bigint(20) DEFAULT NULL,
  `doctor_id` bigint(20) DEFAULT NULL,
  `service_id` bigint(20) DEFAULT NULL
) ENGINE=InnoDB DEFAULT CHARSET=utf8mb4;

--
-- Zrzut danych tabeli `doctor_services`
--

INSERT INTO `doctor_services` (`id`, `price`, `doctor_id`, `service_id`) VALUES
(1, 100, 5, 1),
(2, 75, 6, 1),
(3, 125, 7, 1),
(4, 100, 8, 2),
(5, 200, 8, 3),
(6, 75, 8, 4),
(7, 125, 8, 5),
(8, 200, 9, 3),
(9, 50, 9, 4),
(10, 150, 9, 5),
(11, 75, 10, 2),
(12, 100, 10, 6),
(13, 500, 10, 7),
(14, 150, 10, 8),
(15, 100, 11, 10),
(16, 150, 11, 11),
(17, 150, 12, 21),
(18, 100, 12, 20),
(19, 100, 13, 2),
(20, 120, 13, 3),
(21, 300, 13, 4),
(22, 50, 14, 9),
(23, 100, 15, 15),
(24, 70, 15, 16),
(25, 50, 15, 14),
(26, 50, 16, 9),
(27, 100, 16, 10),
(28, 200, 17, 21),
(29, 100, 17, 20),
(30, 100, 18, 18),
(31, 200, 18, 19),
(32, 200, 19, 26),
(33, 250, 19, 29),
(34, 300, 19, 28),
(35, 70, 20, 9),
(36, 150, 20, 10),
(37, 50, 21, 9),
(38, 120, 21, 10),
(39, 100, 22, 9),
(40, 150, 22, 10),
(41, 200, 22, 11),
(42, 100, 23, 9),
(43, 200, 23, 11),
(44, 250, 23, 12),
(45, 100, 24, 13),
(46, 80, 25, 13),
(47, 60, 26, 15),
(48, 50, 26, 16),
(49, 100, 26, 14),
(50, 100, 27, 18),
(51, 120, 27, 19),
(52, 100, 28, 20),
(53, 120, 28, 21),
(54, 50, 28, 22),
(55, 20, 29, 23),
(56, 30, 29, 24),
(57, 75, 30, 1),
(58, 150, 31, 2),
(59, 170, 31, 3),
(60, 190, 31, 6),
(61, 250, 31, 7),
(62, 200, 31, 5),
(63, 80, 32, 13),
(64, 80, 33, 14),
(65, 50, 33, 15),
(66, 90, 34, 14),
(67, 40, 34, 16),
(68, 70, 34, 17),
(69, 150, 35, 18),
(70, 170, 35, 19),
(71, 100, 36, 20),
(72, 70, 36, 22),
(73, 120, 36, 21),
(74, 40, 37, 23),
(75, 20, 37, 24),
(76, 50, 37, 25),
(77, 120, 38, 26),
(78, 100, 38, 27),
(79, 200, 38, 29),
(80, 90, 39, 1),
(81, 80, 40, 1),
(82, 120, 41, 3),
(83, 100, 41, 2),
(84, 40, 41, 4),
(85, 200, 41, 5),
(86, 120, 42, 3),
(87, 100, 42, 2),
(88, 200, 42, 6),
(89, 300, 42, 8),
(90, 90, 43, 9),
(91, 120, 43, 10),
(92, 60, 43, 11),
(93, 90, 44, 2),
(94, 30, 44, 4),
(95, 120, 44, 5),
(96, 300, 44, 7),
(97, 100, 45, 9),
(98, 120, 45, 10),
(99, 200, 45, 12),
(100, 100, 46, 13),
(101, 90, 47, 13),
(102, 50, 48, 15),
(103, 80, 48, 14),
(104, 100, 49, 14),
(105, 50, 49, 15),
(106, 70, 49, 16),
(107, 80, 50, 18),
(108, 70, 50, 19),
(109, 60, 51, 18),
(110, 90, 52, 20),
(111, 50, 52, 21),
(112, 80, 53, 20),
(113, 75, 53, 21),
(114, 45, 53, 22),
(115, 70, 54, 26),
(116, 80, 54, 27),
(117, 65, 54, 28),
(118, 40, 55, 23),
(119, 40, 55, 25),
(120, 200, 56, 26),
(121, 150, 56, 28),
(122, 170, 56, 29);

-- --------------------------------------------------------

--
-- Struktura tabeli dla tabeli `hibernate_sequence`
--

CREATE TABLE `hibernate_sequence` (
  `next_val` bigint(20) DEFAULT NULL
) ENGINE=InnoDB DEFAULT CHARSET=utf8mb4;

--
-- Zrzut danych tabeli `hibernate_sequence`
--

INSERT INTO `hibernate_sequence` (`next_val`) VALUES
(1);

-- --------------------------------------------------------

--
-- Struktura tabeli dla tabeli `patients`
--

CREATE TABLE `patients` (
  `id` bigint(20) NOT NULL,
  `pesel` varchar(255) DEFAULT NULL,
  `user_id` bigint(20) DEFAULT NULL
) ENGINE=InnoDB DEFAULT CHARSET=utf8mb4;

--
-- Zrzut danych tabeli `patients`
--

INSERT INTO `patients` (`id`, `pesel`, `user_id`) VALUES
(1, '99123123124', 2),
(2, '88123123432', 4),
(3, '88312323212', 5),
(4, '99123142312', 6),
(5, '88123123123', 7),
(6, '77123123123', 9),
(7, '88123123123', 10),
(8, '88123123123', 11),
(9, '88321321223', 24),
(10, '94052458534', 26),
(11, '76082268769', 66),
(12, '56043078395', 67),
(13, '67092235639', 68),
(14, '99011275839', 69),
(15, '26011364736', 70),
(16, '78011464774', 71),
(17, '99101028374', 72),
(18, '89041573532', 73),
(19, '96051200321', 75);

-- --------------------------------------------------------

--
-- Struktura tabeli dla tabeli `services`
--

CREATE TABLE `services` (
  `id` bigint(20) NOT NULL,
  `length_of_visit` time DEFAULT NULL,
  `name` varchar(255) DEFAULT NULL,
  `specialization_id` bigint(20) DEFAULT NULL
) ENGINE=InnoDB DEFAULT CHARSET=utf8mb4;

--
-- Zrzut danych tabeli `services`
--

INSERT INTO `services` (`id`, `length_of_visit`, `name`, `specialization_id`) VALUES
(1, NULL, 'konsultacja', 1),
(2, NULL, 'konsultacja stomatologiczna', 2),
(3, NULL, 'leczenie próchnicy', 2),
(4, NULL, 'usuwanie zęba', 2),
(5, NULL, 'leczenie kanałowe', 2),
(6, NULL, 'odbudowa zębów', 2),
(7, NULL, 'wybielanie zębów', 2),
(8, NULL, 'usuwanie kamienia', 2),
(9, NULL, 'konsultacja kardiologiczna', 3),
(10, NULL, 'EKG', 3),
(11, NULL, 'echo serca', 3),
(12, NULL, 'holter', 3),
(13, NULL, 'konsultacja neurologiczna', 4),
(14, NULL, 'konsultacja laryngologiczna', 5),
(15, NULL, 'badanie słuchu', 5),
(16, NULL, 'płukanie uszu', 5),
(17, NULL, 'punkcja zatok', 5),
(18, NULL, 'konsultacja endokrynologiczna', 6),
(19, NULL, 'USG tarczycy', 6),
(20, NULL, 'konsultacja ortopedyczna', 7),
(21, NULL, 'USG aparatu ruchu', 7),
(22, NULL, 'iniekcja', 7),
(23, NULL, 'podstawowe badania krwi', 8),
(24, NULL, 'podstawowe badania moczu i kału', 8),
(25, NULL, 'badanie poziomu hormonów z krwi', 8),
(26, NULL, 'rezonans magnetyczny', 9),
(27, NULL, 'badanie poziomu hormonów z krwi', 9),
(28, NULL, 'tomografia komputerowa', 9),
(29, NULL, 'RTG', 9);

-- --------------------------------------------------------

--
-- Struktura tabeli dla tabeli `specializations`
--

CREATE TABLE `specializations` (
  `id` bigint(20) NOT NULL,
  `name` varchar(255) DEFAULT NULL
) ENGINE=InnoDB DEFAULT CHARSET=utf8mb4;

--
-- Zrzut danych tabeli `specializations`
--

INSERT INTO `specializations` (`id`, `name`) VALUES
(1, 'internista'),
(2, 'stomatolog'),
(3, 'kardiolog'),
(4, 'neurolog'),
(5, 'laryngolog'),
(6, 'endokrynolog'),
(7, 'ortopeda'),
(8, 'pielęgniarka laboratoryjna'),
(9, 'elektroradiolog');

-- --------------------------------------------------------

--
-- Struktura tabeli dla tabeli `users`
--

CREATE TABLE `users` (
  `id` bigint(20) NOT NULL,
  `email` varchar(255) DEFAULT NULL,
  `name` varchar(255) DEFAULT NULL,
  `password` varchar(255) DEFAULT NULL,
  `role` int(11) DEFAULT NULL,
  `surname` varchar(255) DEFAULT NULL
) ENGINE=InnoDB DEFAULT CHARSET=utf8mb4;

--
-- Zrzut danych tabeli `users`
--

INSERT INTO `users` (`id`, `email`, `name`, `password`, `role`, `surname`) VALUES
(1, 'jan@op.pl', 'Jan', 'Janek123', 0, 'Man'),
(2, 'janek@op.pl', 'Jan', 'Janek123', 1, 'Manicki'),
(3, 'kamil@op.pl', 'Man', 'Kamil123', 0, 'Ja'),
(4, 'ela@op.pl', 'Ela', 'Elusia123', 1, 'Mokielewska'),
(5, 'kamila@op.pl', 'Kamila', 'Kamila123', 1, 'Magudzińska'),
(6, 'janusz@op.pl', 'Mariusz', 'Janusz123', 1, 'Janusz'),
(7, 'elo@op.pl', 'Ela', 'Elusia123', 1, 'Turcińska'),
(8, 'radek@op.pl', 'Jan', 'Radek123', 0, 'Waś'),
(9, 'ada@op.pl', 'Ada', 'Ada12345', 1, 'Jakiel'),
(10, 'maja@op.pl', 'Maja', 'Maja1234', 1, 'Kaja'),
(11, 'kaja@op.pl', 'Kaja', 'Kaja1234', 1, 'Jana'),
(12, 'janek_marek@op.pl', 'Janek', 'Janek123', 0, 'Maruś'),
(13, 'kula@op.pl', 'Marek', 'Marek123', 0, 'Kulewski'),
(14, 'agacia@op.pl', 'Agata', 'Agata123', 0, 'Jaworska'),
(15, 'jarek@op.pl', 'Jarosław', 'Jarek123', 0, 'Mieszczański'),
(16, 'leszek@op.pl', 'Leszek', 'Leszek123', 0, 'Jurkowski'),
(17, 'elzbieta@op.pl', 'Elżbieta', 'Elzbieta123', 0, 'Jaroszek'),
(18, 'andrzej@op.pl', 'Andrzej', 'Andrzej123', 0, 'Manicki'),
(19, 'sebastian@op.pl', 'Sebastian', 'Sebastian1', 0, 'Jaroszewski'),
(20, 'witold@op.pl', 'Witold', 'Witek123', 0, 'Okulicki'),
(21, 'anna@op.pl', 'Anna', 'Anna1234', 0, 'Maruszewska'),
(22, 'asdasda@op.pl', 'Anna', 'Mariuszek123', 0, 'Mariuszek'),
(23, 'jozef@op.pl', 'Józef', 'Jozef123', 0, 'Marusiński'),
(24, 'jakub@op.pl', 'Jakub', 'Jakub123', 1, 'Uszczyński'),
(25, 'pan.jakub@op.pl', 'Jakub', 'Jakub123', 0, 'Niszczyński'),
(26, 'martak@op.pl', 'Marta', 'Martusia123', 1, 'Kaliszewska'),
(27, 'bartg@op.pl', 'Bartłomiej', 'Gruszka123', 0, 'Gruszewski'),
(28, 'ola@op.pl', 'Aleksandra', 'Aleksandra1', 0, 'Nowak'),
(29, 'lucjan@op.pl', 'Lucjan', 'Lucek123', 0, 'Bartkowski'),
(30, 'piotr@op.pl', 'Piotr', 'Piotrek123', 0, 'Kaliński'),
(31, 'aniaj@op.pl', 'Anna', 'Anusia123', 0, 'Jurkowska'),
(32, 'agaj@op.pl', 'Agata', 'Agacia123', 0, 'Jarosińska'),
(33, 'grzesiek@op.pl', 'Grzegorz', 'Grzesiek123', 0, 'Hajski'),
(34, 'unik@op.pl', 'Jan', 'Janek123', 0, 'Unicki'),
(35, 'elzbietka@op.pl', 'Elżbieta', 'Elusia123', 0, 'Kowalska'),
(36, 'henryk@gmail.com', 'Henryk', 'Henryk123', 0, 'Ryniarski'),
(37, 'tymon@op.pl', 'Tymoteusz', 'Tymek123', 0, 'Jurycki'),
(38, 'pawel@gmail.com', 'Paweł', 'Pawel123', 0, 'Jasiński'),
(39, 'janina@gmail.com', 'Janina', 'Janinka123', 0, 'Ojrzyńska'),
(40, 'filip@gmail.com', 'Filip', 'Filip123', 0, 'Ruszycki'),
(41, 'iza@op.pl', 'Izabela', 'Izabela123', 0, 'Wielka'),
(42, 'wiktoria@gmail.com', 'Wiktoria', 'Wika1234', 0, 'Kraszewska'),
(43, 'wiktorpio@op.pl', 'Wiktor', 'Wiktor123', 0, 'Piotraszewski'),
(44, 'iwan@gmail.com', 'Iwan', 'Iwanow123', 0, 'Mróz'),
(45, 'ulaka@op.pl', 'Urszula', 'Urszula 3', 0, 'Kiworska'),
(46, 'piotrekj@gmail.com', 'Piotr', 'Piotrek123', 0, 'Jagoda'),
(47, 'kasia@gmail.com', 'Katarzyna', 'Katarzyna123', 0, 'Gruniecka'),
(48, 'lukaszd@gmail.com', 'Łukasz', 'Lukasz123', 0, 'Darliński'),
(49, 'rysiek@op.pl', 'Ryszard', 'Rysiek123', 0, 'Kalisz'),
(50, 'irena@op.pl', 'Irena', 'Irenka123', 0, 'Bułecka'),
(51, 'zbyszek@gmail.com', 'Zbigniew', 'Zbyszek123', 0, 'Marciński'),
(52, 'rafal@op.pl', 'Rafał', 'Rafal123', 0, 'Pomościński'),
(53, 'mariuszgora@gmail.com', 'Mariusz', 'Goreczka1', 0, 'Górecki'),
(54, 'iwona@gmail.com', 'Iwona', 'Iwonka123', 0, 'Fiałkowska'),
(55, 'eugeniusz@op.pl', 'Eugeniusz', 'Eugeniusz1', 0, 'Andrychowski'),
(56, 'antek@gmail.com', 'Antoni', 'Antoni123', 0, 'Zgierz'),
(57, 'renia@op.pl', 'Renata', 'Renata123', 0, 'Kroczowska'),
(58, 'cibik@gmail.com', 'Józef', 'Jozef123', 0, 'Cibicki'),
(59, 'janusz@gmail.com', 'Janusz', 'Janusz123', 0, 'Bitnicki'),
(60, 'piotrnowak@gmail.com', 'Piotr', 'Piotrek123', 0, 'Nowak'),
(61, 'konradjanowski@gmail.com', 'Konrad', 'Konraad123', 0, 'Janowski'),
(62, 'janacikowska@gmail.com', 'Jana', 'Jana12346', 0, 'Cikowska'),
(63, 'kordianstala@gmail.com', 'Kordian', 'Kordian123', 0, 'Stala'),
(64, 'daniel@gmail.com', 'Daniel', 'Daniel123', 0, 'Kowalski'),
(65, 'grazyna@gmail.com', 'Grażyna', 'Grażyna123', 0, 'Kwiatkowska'),
(66, 'teodora@gmai.com', 'Teodora', 'Teodora123', 1, 'Domaniewska'),
(67, 'milosz@gmail.com', 'Miłosz', 'Milosz123', 1, 'Dobosz'),
(68, 'kornelia@gmail.com', 'Kornelia', 'Koornelia123', 1, 'Lubomirska'),
(69, 'artur@gmail.com', 'Artur', 'Artur123', 1, 'Sosnowski'),
(70, 'henryk1@gmail.com', 'Henryk', 'Henryk123', 1, 'Grodecki'),
(71, 'sara@gmail.com', 'Sara', 'Sara1234', 1, 'Napieralska'),
(72, 'franciszek@gmail.com', 'Franciszek', 'Franek123', 1, 'Wyzga'),
(73, 'sylwia@gmail.com', 'Sylwia', 'Sylwia123', 1, 'Marczewska'),
(74, 'hubert@op.pl', 'Huber', 'Hybert123', 0, 'Gruziecki'),
(75, 'miecio@op.pl', 'Mieczysław', 'Miecio123', 1, 'Hubernicki');

-- --------------------------------------------------------

--
-- Struktura tabeli dla tabeli `visits`
--

CREATE TABLE `visits` (
  `id` bigint(20) NOT NULL,
  `date_from` datetime DEFAULT NULL,
  `date_to` datetime DEFAULT NULL,
  `availability_id` bigint(20) DEFAULT NULL,
  `doctor_id` bigint(20) DEFAULT NULL,
  `service_id` bigint(20) DEFAULT NULL,
  `patient_id` bigint(20) DEFAULT NULL
) ENGINE=InnoDB DEFAULT CHARSET=utf8mb4;

--
-- Zrzut danych tabeli `visits`
--

INSERT INTO `visits` (`id`, `date_from`, `date_to`, `availability_id`, `doctor_id`, `service_id`, `patient_id`) VALUES
(28, '2021-08-18 10:30:00', '2021-08-18 11:00:00', 29, 8, NULL, NULL),
(29, '2021-08-18 11:00:00', '2021-08-18 11:30:00', 29, 8, 3, 3),
(30, '2021-08-18 11:30:00', '2021-08-18 12:00:00', 29, 8, NULL, NULL),
(31, '2021-08-18 12:00:00', '2021-08-18 12:30:00', 29, 8, 5, 1),
(32, '2021-08-18 12:30:00', '2021-08-18 13:00:00', 29, 8, NULL, NULL),
(33, '2021-08-19 10:00:00', '2021-08-19 10:30:00', 30, 8, NULL, NULL),
(34, '2021-08-19 10:30:00', '2021-08-19 11:00:00', 30, 8, NULL, NULL),
(35, '2021-08-19 11:00:00', '2021-08-19 11:30:00', 30, 8, NULL, NULL),
(36, '2021-08-19 11:30:00', '2021-08-19 12:00:00', 30, 8, NULL, NULL),
(37, '2021-08-19 12:00:00', '2021-08-19 12:30:00', 30, 8, NULL, NULL),
(38, '2021-08-11 10:00:00', '2021-08-11 10:30:00', 32, 8, NULL, NULL),
(39, '2021-08-11 10:30:00', '2021-08-11 11:00:00', 32, 8, NULL, NULL),
(40, '2021-08-11 11:00:00', '2021-08-11 11:30:00', 32, 8, NULL, NULL),
(41, '2021-08-11 11:30:00', '2021-08-11 12:00:00', 32, 8, NULL, NULL),
(42, '2021-08-11 12:00:00', '2021-08-11 12:30:00', 32, 8, NULL, NULL),
(43, '2021-07-22 10:30:00', '2021-07-22 11:00:00', 33, 8, NULL, NULL),
(44, '2021-07-22 11:00:00', '2021-07-22 11:30:00', 33, 8, NULL, NULL),
(45, '2021-07-22 11:30:00', '2021-07-22 12:00:00', 33, 8, NULL, NULL),
(46, '2021-07-22 12:00:00', '2021-07-22 12:30:00', 33, 8, NULL, NULL),
(47, '2021-07-22 12:30:00', '2021-07-22 13:00:00', 33, 8, NULL, NULL),
(48, '2021-08-23 10:00:00', '2021-08-23 10:30:00', 34, 8, NULL, NULL),
(49, '2021-08-23 10:30:00', '2021-08-23 11:00:00', 34, 8, NULL, NULL),
(50, '2021-08-23 11:00:00', '2021-08-23 11:30:00', 34, 8, NULL, NULL),
(51, '2021-08-23 11:30:00', '2021-08-23 12:00:00', 34, 8, NULL, NULL),
(52, '2021-08-23 12:00:00', '2021-08-23 12:30:00', 34, 8, NULL, NULL),
(53, '2021-08-25 11:30:00', '2021-08-25 12:00:00', 35, 8, NULL, NULL),
(54, '2021-08-25 12:00:00', '2021-08-25 12:30:00', 35, 8, 5, 2),
(55, '2021-08-25 12:30:00', '2021-08-25 13:00:00', 35, 8, NULL, NULL),
(56, '2021-08-10 10:30:00', '2021-08-10 11:00:00', 36, 8, NULL, NULL),
(57, '2021-08-10 11:00:00', '2021-08-10 11:30:00', 36, 8, NULL, NULL),
(58, '2021-08-10 11:30:00', '2021-08-10 12:00:00', 36, 8, NULL, NULL),
(59, '2021-08-10 12:00:00', '2021-08-10 12:30:00', 36, 8, NULL, NULL),
(60, '2021-08-10 12:30:00', '2021-08-10 13:00:00', 36, 8, NULL, NULL),
(61, '2021-08-10 13:00:00', '2021-08-10 13:30:00', 36, 8, NULL, NULL),
(62, '2021-08-26 10:30:00', '2021-08-26 11:00:00', 38, 8, NULL, NULL),
(63, '2021-08-26 11:00:00', '2021-08-26 11:30:00', 38, 8, 2, 5),
(64, '2021-08-26 11:30:00', '2021-08-26 12:00:00', 38, 8, NULL, NULL),
(65, '2021-08-26 12:00:00', '2021-08-26 12:30:00', 38, 8, NULL, NULL),
(66, '2021-08-26 12:30:00', '2021-08-26 13:00:00', 38, 8, 3, 6),
(73, '2021-08-25 10:30:00', '2021-08-25 11:00:00', 43, 5, NULL, NULL),
(74, '2021-08-25 11:00:00', '2021-08-25 11:30:00', 43, 5, NULL, NULL),
(75, '2021-08-25 11:30:00', '2021-08-25 12:00:00', 43, 5, NULL, NULL),
(76, '2021-08-25 12:00:00', '2021-08-25 12:30:00', 43, 5, NULL, NULL),
(77, '2021-08-26 10:30:00', '2021-08-26 11:00:00', 44, 5, NULL, NULL),
(79, '2021-08-26 11:30:00', '2021-08-26 12:00:00', 44, 5, NULL, NULL),
(81, '2021-08-26 12:30:00', '2021-08-26 13:00:00', 44, 5, NULL, NULL),
(83, '2021-08-30 11:30:00', '2021-08-30 12:00:00', 45, 5, NULL, NULL),
(85, '2021-08-30 12:30:00', '2021-08-30 13:00:00', 45, 5, NULL, NULL),
(86, '2021-08-30 13:00:00', '2021-08-30 13:30:00', 45, 5, NULL, NULL),
(87, '2021-08-31 10:30:00', '2021-08-31 11:00:00', 46, 5, NULL, NULL),
(88, '2021-08-31 11:00:00', '2021-08-31 11:30:00', 46, 5, NULL, NULL),
(89, '2021-08-31 11:30:00', '2021-08-31 12:00:00', 46, 5, NULL, NULL),
(90, '2021-08-31 12:00:00', '2021-08-31 12:30:00', 46, 5, NULL, NULL),
(91, '2021-08-24 10:00:00', '2021-08-24 10:30:00', 48, 6, NULL, NULL),
(92, '2021-08-24 10:30:00', '2021-08-24 11:00:00', 48, 6, NULL, NULL),
(93, '2021-08-24 11:00:00', '2021-08-24 11:30:00', 48, 6, NULL, NULL),
(94, '2021-08-24 11:30:00', '2021-08-24 12:00:00', 48, 6, NULL, NULL),
(95, '2021-08-24 12:00:00', '2021-08-24 12:30:00', 48, 6, NULL, NULL),
(96, '2021-08-24 12:30:00', '2021-08-24 13:00:00', 48, 6, NULL, NULL),
(97, '2021-08-24 13:00:00', '2021-08-24 13:30:00', 48, 6, NULL, NULL),
(98, '2021-08-25 11:00:00', '2021-08-25 11:30:00', 49, 6, NULL, NULL),
(99, '2021-08-25 11:30:00', '2021-08-25 12:00:00', 49, 6, NULL, NULL),
(100, '2021-08-25 12:00:00', '2021-08-25 12:30:00', 49, 6, NULL, NULL),
(101, '2021-08-25 12:30:00', '2021-08-25 13:00:00', 49, 6, NULL, NULL),
(102, '2021-08-26 10:00:00', '2021-08-26 10:30:00', 50, 6, NULL, NULL),
(103, '2021-08-26 10:30:00', '2021-08-26 11:00:00', 50, 6, NULL, NULL),
(104, '2021-08-26 11:00:00', '2021-08-26 11:30:00', 50, 6, NULL, NULL),
(105, '2021-08-26 11:30:00', '2021-08-26 12:00:00', 50, 6, NULL, NULL),
(106, '2021-08-27 11:00:00', '2021-08-27 11:30:00', 52, 6, NULL, NULL),
(107, '2021-08-27 11:30:00', '2021-08-27 12:00:00', 52, 6, NULL, NULL),
(108, '2021-08-27 12:00:00', '2021-08-27 12:30:00', 52, 6, NULL, NULL),
(109, '2021-08-27 12:30:00', '2021-08-27 13:00:00', 52, 6, NULL, NULL),
(110, '2021-08-27 13:00:00', '2021-08-27 13:30:00', 52, 6, NULL, NULL),
(111, '2021-08-24 11:00:00', '2021-08-24 11:30:00', 53, 7, NULL, NULL),
(112, '2021-08-24 11:30:00', '2021-08-24 12:00:00', 53, 7, NULL, NULL),
(113, '2021-08-24 12:00:00', '2021-08-24 12:30:00', 53, 7, NULL, NULL),
(114, '2021-08-24 12:30:00', '2021-08-24 13:00:00', 53, 7, NULL, NULL),
(115, '2021-08-24 13:00:00', '2021-08-24 13:30:00', 53, 7, NULL, NULL),
(116, '2021-08-25 10:00:00', '2021-08-25 10:30:00', 54, 7, NULL, NULL),
(117, '2021-08-25 10:30:00', '2021-08-25 11:00:00', 54, 7, NULL, NULL),
(118, '2021-08-25 11:00:00', '2021-08-25 11:30:00', 54, 7, NULL, NULL),
(119, '2021-08-25 11:30:00', '2021-08-25 12:00:00', 54, 7, NULL, NULL),
(120, '2021-08-25 12:00:00', '2021-08-25 12:30:00', 54, 7, NULL, NULL),
(121, '2021-08-25 12:30:00', '2021-08-25 13:00:00', 54, 7, NULL, NULL),
(122, '2021-08-26 10:30:00', '2021-08-26 11:00:00', 55, 7, NULL, NULL),
(123, '2021-08-26 11:00:00', '2021-08-26 11:30:00', 55, 7, NULL, NULL),
(124, '2021-08-26 11:30:00', '2021-08-26 12:00:00', 55, 7, NULL, NULL),
(125, '2021-08-26 12:00:00', '2021-08-26 12:30:00', 55, 7, NULL, NULL),
(126, '2021-08-26 12:30:00', '2021-08-26 13:00:00', 55, 7, NULL, NULL),
(127, '2021-08-30 11:00:00', '2021-08-30 11:30:00', 56, 7, NULL, NULL),
(128, '2021-08-30 11:30:00', '2021-08-30 12:00:00', 56, 7, NULL, NULL),
(129, '2021-08-30 12:00:00', '2021-08-30 12:30:00', 56, 7, NULL, NULL),
(130, '2021-08-30 12:30:00', '2021-08-30 13:00:00', 56, 7, NULL, NULL),
(131, '2021-09-01 10:00:00', '2021-09-01 10:30:00', 57, 7, NULL, NULL),
(132, '2021-09-01 10:30:00', '2021-09-01 11:00:00', 57, 7, NULL, NULL),
(133, '2021-09-01 11:00:00', '2021-09-01 11:30:00', 57, 7, NULL, NULL),
(134, '2021-09-01 11:30:00', '2021-09-01 12:00:00', 57, 7, NULL, NULL),
(135, '2021-09-01 12:00:00', '2021-09-01 12:30:00', 57, 7, NULL, NULL),
(136, '2021-09-01 12:30:00', '2021-09-01 13:00:00', 57, 7, NULL, NULL),
(137, '2021-09-01 13:00:00', '2021-09-01 13:30:00', 57, 7, NULL, NULL),
(138, '2021-08-24 10:00:00', '2021-08-24 10:30:00', 58, 9, NULL, NULL),
(139, '2021-08-24 10:30:00', '2021-08-24 11:00:00', 58, 9, NULL, NULL),
(140, '2021-08-24 11:00:00', '2021-08-24 11:30:00', 58, 9, NULL, NULL),
(141, '2021-08-24 11:30:00', '2021-08-24 12:00:00', 58, 9, NULL, NULL),
(142, '2021-08-24 12:00:00', '2021-08-24 12:30:00', 58, 9, NULL, NULL),
(143, '2021-08-25 11:00:00', '2021-08-25 11:30:00', 59, 9, NULL, NULL),
(144, '2021-08-25 11:30:00', '2021-08-25 12:00:00', 59, 9, NULL, NULL),
(145, '2021-08-25 12:00:00', '2021-08-25 12:30:00', 59, 9, NULL, NULL),
(146, '2021-08-25 12:30:00', '2021-08-25 13:00:00', 59, 9, NULL, NULL),
(147, '2021-08-25 13:00:00', '2021-08-25 13:30:00', 59, 9, NULL, NULL),
(148, '2021-08-26 10:30:00', '2021-08-26 11:00:00', 60, 9, NULL, NULL),
(149, '2021-08-26 11:00:00', '2021-08-26 11:30:00', 60, 9, NULL, NULL),
(150, '2021-08-26 11:30:00', '2021-08-26 12:00:00', 60, 9, NULL, NULL),
(151, '2021-08-26 12:00:00', '2021-08-26 12:30:00', 60, 9, NULL, NULL),
(152, '2021-08-31 10:00:00', '2021-08-31 10:30:00', 61, 9, NULL, NULL),
(153, '2021-08-31 10:30:00', '2021-08-31 11:00:00', 61, 9, NULL, NULL),
(154, '2021-08-31 11:00:00', '2021-08-31 11:30:00', 61, 9, NULL, NULL),
(155, '2021-08-31 11:30:00', '2021-08-31 12:00:00', 61, 9, NULL, NULL),
(156, '2021-08-31 12:00:00', '2021-08-31 12:30:00', 61, 9, NULL, NULL),
(157, '2021-08-31 12:30:00', '2021-08-31 13:00:00', 61, 9, NULL, NULL),
(158, '2021-08-31 13:00:00', '2021-08-31 13:30:00', 61, 9, NULL, NULL),
(159, '2021-09-02 10:30:00', '2021-09-02 11:00:00', 62, 9, NULL, NULL),
(160, '2021-09-02 11:00:00', '2021-09-02 11:30:00', 62, 9, NULL, NULL),
(161, '2021-09-02 11:30:00', '2021-09-02 12:00:00', 62, 9, NULL, NULL),
(162, '2021-09-02 12:00:00', '2021-09-02 12:30:00', 62, 9, NULL, NULL),
(163, '2021-08-24 10:00:00', '2021-08-24 10:30:00', 63, 10, NULL, NULL),
(164, '2021-08-24 10:30:00', '2021-08-24 11:00:00', 63, 10, NULL, NULL),
(165, '2021-08-24 11:00:00', '2021-08-24 11:30:00', 63, 10, NULL, NULL),
(166, '2021-08-24 11:30:00', '2021-08-24 12:00:00', 63, 10, NULL, NULL),
(167, '2021-08-24 12:00:00', '2021-08-24 12:30:00', 63, 10, NULL, NULL),
(168, '2021-08-24 12:30:00', '2021-08-24 13:00:00', 63, 10, NULL, NULL),
(169, '2021-08-24 13:00:00', '2021-08-24 13:30:00', 63, 10, NULL, NULL),
(170, '2021-08-25 11:00:00', '2021-08-25 11:30:00', 64, 10, NULL, NULL),
(171, '2021-08-25 11:30:00', '2021-08-25 12:00:00', 64, 10, NULL, NULL),
(172, '2021-08-25 12:00:00', '2021-08-25 12:30:00', 64, 10, NULL, NULL),
(173, '2021-08-25 12:30:00', '2021-08-25 13:00:00', 64, 10, NULL, NULL),
(174, '2021-08-26 10:30:00', '2021-08-26 11:00:00', 65, 10, NULL, NULL),
(175, '2021-08-26 11:00:00', '2021-08-26 11:30:00', 65, 10, NULL, NULL),
(176, '2021-08-26 11:30:00', '2021-08-26 12:00:00', 65, 10, 8, 1),
(177, '2021-08-26 12:00:00', '2021-08-26 12:30:00', 65, 10, NULL, NULL),
(178, '2021-08-26 12:30:00', '2021-08-26 13:00:00', 65, 10, NULL, NULL),
(179, '2021-09-01 10:30:00', '2021-09-01 11:00:00', 66, 10, NULL, NULL),
(180, '2021-09-01 11:00:00', '2021-09-01 11:30:00', 66, 10, NULL, NULL),
(181, '2021-09-01 11:30:00', '2021-09-01 12:00:00', 66, 10, NULL, NULL),
(182, '2021-09-01 12:00:00', '2021-09-01 12:30:00', 66, 10, NULL, NULL),
(183, '2021-09-01 12:30:00', '2021-09-01 13:00:00', 66, 10, NULL, NULL),
(184, '2021-09-01 13:00:00', '2021-09-01 13:30:00', 66, 10, NULL, NULL),
(185, '2021-09-02 10:00:00', '2021-09-02 10:30:00', 67, 10, NULL, NULL),
(186, '2021-09-02 10:30:00', '2021-09-02 11:00:00', 67, 10, NULL, NULL),
(187, '2021-09-02 11:00:00', '2021-09-02 11:30:00', 67, 10, NULL, NULL),
(188, '2021-09-02 11:30:00', '2021-09-02 12:00:00', 67, 10, NULL, NULL),
(189, '2021-08-25 10:30:00', '2021-08-25 11:00:00', 68, 11, NULL, NULL),
(190, '2021-08-25 11:00:00', '2021-08-25 11:30:00', 68, 11, NULL, NULL),
(191, '2021-08-25 11:30:00', '2021-08-25 12:00:00', 68, 11, NULL, NULL),
(192, '2021-08-25 12:00:00', '2021-08-25 12:30:00', 68, 11, NULL, NULL),
(193, '2021-08-25 12:30:00', '2021-08-25 13:00:00', 68, 11, NULL, NULL),
(194, '2021-08-25 13:00:00', '2021-08-25 13:30:00', 68, 11, NULL, NULL),
(195, '2021-08-26 10:00:00', '2021-08-26 10:30:00', 69, 11, NULL, NULL),
(196, '2021-08-26 10:30:00', '2021-08-26 11:00:00', 69, 11, NULL, NULL),
(197, '2021-08-26 11:00:00', '2021-08-26 11:30:00', 69, 11, NULL, NULL),
(198, '2021-08-26 11:30:00', '2021-08-26 12:00:00', 69, 11, NULL, NULL),
(199, '2021-08-27 11:00:00', '2021-08-27 11:30:00', 70, 11, NULL, NULL),
(200, '2021-08-27 11:30:00', '2021-08-27 12:00:00', 70, 11, NULL, NULL),
(201, '2021-08-27 12:00:00', '2021-08-27 12:30:00', 70, 11, NULL, NULL),
(202, '2021-08-27 12:30:00', '2021-08-27 13:00:00', 70, 11, NULL, NULL),
(203, '2021-08-30 10:00:00', '2021-08-30 10:30:00', 71, 11, NULL, NULL),
(204, '2021-08-30 10:30:00', '2021-08-30 11:00:00', 71, 11, NULL, NULL),
(205, '2021-08-30 11:00:00', '2021-08-30 11:30:00', 71, 11, NULL, NULL),
(206, '2021-08-30 11:30:00', '2021-08-30 12:00:00', 71, 11, NULL, NULL),
(207, '2021-08-30 12:00:00', '2021-08-30 12:30:00', 71, 11, NULL, NULL),
(208, '2021-08-30 12:30:00', '2021-08-30 13:00:00', 71, 11, NULL, NULL),
(209, '2021-08-24 10:30:00', '2021-08-24 11:00:00', 72, 12, NULL, NULL),
(210, '2021-08-24 11:00:00', '2021-08-24 11:30:00', 72, 12, NULL, NULL),
(211, '2021-08-24 11:30:00', '2021-08-24 12:00:00', 72, 12, NULL, NULL),
(212, '2021-08-25 10:00:00', '2021-08-25 10:30:00', 73, 12, NULL, NULL),
(213, '2021-08-25 10:30:00', '2021-08-25 11:00:00', 73, 12, NULL, NULL),
(214, '2021-08-25 11:00:00', '2021-08-25 11:30:00', 73, 12, NULL, NULL),
(215, '2021-08-25 11:30:00', '2021-08-25 12:00:00', 73, 12, NULL, NULL),
(216, '2021-08-25 12:00:00', '2021-08-25 12:30:00', 73, 12, NULL, NULL),
(217, '2021-08-25 12:30:00', '2021-08-25 13:00:00', 73, 12, NULL, NULL),
(218, '2021-08-25 13:00:00', '2021-08-25 13:30:00', 73, 12, NULL, NULL),
(219, '2021-08-26 10:30:00', '2021-08-26 11:00:00', 74, 12, NULL, NULL),
(220, '2021-08-26 11:00:00', '2021-08-26 11:30:00', 74, 12, NULL, NULL),
(221, '2021-08-26 11:30:00', '2021-08-26 12:00:00', 74, 12, NULL, NULL),
(222, '2021-08-26 12:00:00', '2021-08-26 12:30:00', 74, 12, NULL, NULL),
(223, '2021-08-26 12:30:00', '2021-08-26 13:00:00', 74, 12, NULL, NULL),
(224, '2021-08-27 10:00:00', '2021-08-27 10:30:00', 75, 12, NULL, NULL),
(225, '2021-08-27 10:30:00', '2021-08-27 11:00:00', 75, 12, NULL, NULL),
(226, '2021-08-27 11:00:00', '2021-08-27 11:30:00', 75, 12, NULL, NULL),
(227, '2021-08-31 10:00:00', '2021-08-31 10:30:00', 76, 12, NULL, NULL),
(228, '2021-08-31 10:30:00', '2021-08-31 11:00:00', 76, 12, NULL, NULL),
(229, '2021-08-31 11:00:00', '2021-08-31 11:30:00', 76, 12, NULL, NULL),
(230, '2021-08-31 11:30:00', '2021-08-31 12:00:00', 76, 12, 21, 1),
(231, '2021-08-31 12:00:00', '2021-08-31 12:30:00', 76, 12, NULL, NULL),
(232, '2021-08-31 12:30:00', '2021-08-31 13:00:00', 76, 12, NULL, NULL),
(233, '2021-08-27 10:00:00', '2021-08-27 10:30:00', 77, 5, NULL, NULL),
(234, '2021-08-27 10:30:00', '2021-08-27 11:00:00', 77, 5, NULL, NULL),
(235, '2021-08-27 11:00:00', '2021-08-27 11:30:00', 77, 5, NULL, NULL),
(236, '2021-08-27 11:30:00', '2021-08-27 12:00:00', 77, 5, NULL, NULL),
(237, '2021-08-27 12:00:00', '2021-08-27 12:30:00', 77, 5, NULL, NULL),
(238, '2021-08-27 12:30:00', '2021-08-27 13:00:00', 77, 5, NULL, NULL),
(239, '2021-08-27 13:00:00', '2021-08-27 13:30:00', 77, 5, NULL, NULL),
(240, '2021-08-23 10:00:00', '2021-08-23 10:30:00', 78, 5, NULL, NULL),
(241, '2021-08-23 10:30:00', '2021-08-23 11:00:00', 78, 5, NULL, NULL),
(242, '2021-08-23 11:00:00', '2021-08-23 11:30:00', 78, 5, NULL, NULL),
(243, '2021-08-23 11:30:00', '2021-08-23 12:00:00', 78, 5, NULL, NULL),
(244, '2021-08-23 12:00:00', '2021-08-23 12:30:00', 78, 5, NULL, NULL),
(245, '2021-08-23 12:30:00', '2021-08-23 13:00:00', 78, 5, NULL, NULL),
(246, '2021-08-23 13:00:00', '2021-08-23 13:30:00', 78, 5, NULL, NULL),
(247, '2021-09-01 09:00:00', '2021-09-01 09:30:00', 79, 5, NULL, NULL),
(248, '2021-09-01 09:30:00', '2021-09-01 10:00:00', 79, 5, NULL, NULL),
(249, '2021-09-01 10:00:00', '2021-09-01 10:30:00', 79, 5, NULL, NULL),
(250, '2021-09-01 10:30:00', '2021-09-01 11:00:00', 79, 5, NULL, NULL),
(251, '2021-09-01 11:00:00', '2021-09-01 11:30:00', 79, 5, NULL, NULL),
(252, '2021-09-01 11:30:00', '2021-09-01 12:00:00', 79, 5, NULL, NULL),
(253, '2021-09-01 12:00:00', '2021-09-01 12:30:00', 79, 5, NULL, NULL),
(254, '2021-09-01 12:30:00', '2021-09-01 13:00:00', 79, 5, 1, 4),
(255, '2021-09-01 13:00:00', '2021-09-01 13:30:00', 79, 5, 1, 10),
(256, '2021-09-01 13:30:00', '2021-09-01 14:00:00', 79, 5, NULL, NULL),
(257, '2021-09-01 14:00:00', '2021-09-01 14:30:00', 79, 5, NULL, NULL),
(258, '2021-09-01 14:30:00', '2021-09-01 15:00:00', 79, 5, NULL, NULL),
(259, '2021-09-02 14:00:00', '2021-09-02 14:30:00', 80, 5, NULL, NULL),
(260, '2021-09-02 14:30:00', '2021-09-02 15:00:00', 80, 5, NULL, NULL),
(261, '2021-09-02 15:00:00', '2021-09-02 15:30:00', 80, 5, NULL, NULL),
(262, '2021-09-02 15:30:00', '2021-09-02 16:00:00', 80, 5, NULL, NULL),
(263, '2021-09-02 16:00:00', '2021-09-02 16:30:00', 80, 5, 1, 6),
(264, '2021-09-02 16:30:00', '2021-09-02 17:00:00', 80, 5, NULL, NULL),
(265, '2021-09-02 17:00:00', '2021-09-02 17:30:00', 80, 5, NULL, NULL),
(266, '2021-09-02 17:30:00', '2021-09-02 18:00:00', 80, 5, NULL, NULL),
(267, '2021-09-02 18:00:00', '2021-09-02 18:30:00', 80, 5, NULL, NULL),
(268, '2021-09-02 18:30:00', '2021-09-02 19:00:00', 80, 5, NULL, NULL),
(269, '2021-09-02 19:00:00', '2021-09-02 19:30:00', 80, 5, NULL, NULL),
(270, '2021-09-02 19:30:00', '2021-09-02 20:00:00', 80, 5, NULL, NULL),
(271, '2021-09-03 11:30:00', '2021-09-03 12:00:00', 81, 5, NULL, NULL),
(272, '2021-09-03 12:00:00', '2021-09-03 12:30:00', 81, 5, NULL, NULL),
(273, '2021-09-03 12:30:00', '2021-09-03 13:00:00', 81, 5, NULL, NULL),
(274, '2021-09-03 13:00:00', '2021-09-03 13:30:00', 81, 5, NULL, NULL),
(275, '2021-09-03 13:30:00', '2021-09-03 14:00:00', 81, 5, NULL, NULL),
(276, '2021-09-03 14:00:00', '2021-09-03 14:30:00', 81, 5, NULL, NULL),
(277, '2021-09-03 14:30:00', '2021-09-03 15:00:00', 81, 5, NULL, NULL),
(278, '2021-09-03 15:00:00', '2021-09-03 15:30:00', 81, 5, NULL, NULL),
(279, '2021-09-07 08:30:00', '2021-09-07 09:00:00', 82, 5, NULL, NULL),
(280, '2021-09-07 09:00:00', '2021-09-07 09:30:00', 82, 5, 1, 5),
(281, '2021-09-07 09:30:00', '2021-09-07 10:00:00', 82, 5, NULL, NULL),
(282, '2021-09-07 10:00:00', '2021-09-07 10:30:00', 82, 5, NULL, NULL),
(283, '2021-09-07 10:30:00', '2021-09-07 11:00:00', 82, 5, NULL, NULL),
(284, '2021-09-07 11:00:00', '2021-09-07 11:30:00', 82, 5, NULL, NULL),
(309, '2021-09-09 09:00:00', '2021-09-09 09:30:00', 86, 5, NULL, NULL),
(310, '2021-09-09 09:30:00', '2021-09-09 10:00:00', 86, 5, 1, 7),
(311, '2021-09-09 10:00:00', '2021-09-09 10:30:00', 86, 5, NULL, NULL),
(312, '2021-09-09 10:30:00', '2021-09-09 11:00:00', 86, 5, NULL, NULL),
(313, '2021-09-08 09:30:00', '2021-09-08 10:00:00', 87, 5, NULL, NULL),
(314, '2021-09-08 10:00:00', '2021-09-08 10:30:00', 87, 5, 1, 3),
(315, '2021-09-08 10:30:00', '2021-09-08 11:00:00', 87, 5, 1, 2),
(316, '2021-09-08 11:00:00', '2021-09-08 11:30:00', 87, 5, NULL, NULL),
(317, '2021-09-08 11:30:00', '2021-09-08 12:00:00', 87, 5, NULL, NULL),
(318, '2021-09-08 12:00:00', '2021-09-08 12:30:00', 87, 5, NULL, NULL),
(319, '2021-09-08 12:30:00', '2021-09-08 13:00:00', 87, 5, NULL, NULL),
(320, '2021-09-08 13:00:00', '2021-09-08 13:30:00', 87, 5, NULL, NULL),
(321, '2021-09-03 08:30:00', '2021-09-03 09:00:00', 88, 10, NULL, NULL),
(322, '2021-09-03 09:00:00', '2021-09-03 09:30:00', 88, 10, NULL, NULL),
(323, '2021-09-03 09:30:00', '2021-09-03 10:00:00', 88, 10, NULL, NULL),
(324, '2021-09-03 10:00:00', '2021-09-03 10:30:00', 88, 10, NULL, NULL),
(325, '2021-09-03 10:30:00', '2021-09-03 11:00:00', 88, 10, NULL, NULL),
(326, '2021-09-03 11:00:00', '2021-09-03 11:30:00', 88, 10, NULL, NULL),
(327, '2021-09-03 11:30:00', '2021-09-03 12:00:00', 88, 10, NULL, NULL),
(328, '2021-09-03 12:00:00', '2021-09-03 12:30:00', 88, 10, NULL, NULL),
(329, '2021-09-03 12:30:00', '2021-09-03 13:00:00', 88, 10, NULL, NULL),
(330, '2021-09-03 13:00:00', '2021-09-03 13:30:00', 88, 10, NULL, NULL),
(331, '2021-09-03 13:30:00', '2021-09-03 14:00:00', 88, 10, NULL, NULL),
(332, '2021-09-03 14:00:00', '2021-09-03 14:30:00', 88, 10, NULL, NULL),
(333, '2021-09-06 08:00:00', '2021-09-06 08:30:00', 89, 10, 7, 5),
(334, '2021-09-06 08:30:00', '2021-09-06 09:00:00', 89, 10, 6, 6),
(335, '2021-09-06 09:00:00', '2021-09-06 09:30:00', 89, 10, 8, 4),
(336, '2021-09-06 09:30:00', '2021-09-06 10:00:00', 89, 10, NULL, NULL),
(337, '2021-09-06 10:00:00', '2021-09-06 10:30:00', 89, 10, NULL, NULL),
(338, '2021-09-06 10:30:00', '2021-09-06 11:00:00', 89, 10, NULL, NULL),
(339, '2021-09-06 11:00:00', '2021-09-06 11:30:00', 89, 10, NULL, NULL),
(340, '2021-09-06 11:30:00', '2021-09-06 12:00:00', 89, 10, NULL, NULL),
(341, '2021-09-06 12:00:00', '2021-09-06 12:30:00', 89, 10, 8, 3),
(343, '2021-09-06 13:00:00', '2021-09-06 13:30:00', 89, 10, NULL, NULL),
(344, '2021-09-06 13:30:00', '2021-09-06 14:00:00', 89, 10, NULL, NULL),
(345, '2021-09-06 14:00:00', '2021-09-06 14:30:00', 89, 10, NULL, NULL),
(346, '2021-09-06 14:30:00', '2021-09-06 15:00:00', 89, 10, NULL, NULL),
(347, '2021-09-06 15:00:00', '2021-09-06 15:30:00', 89, 10, NULL, NULL),
(348, '2021-09-06 15:30:00', '2021-09-06 16:00:00', 89, 10, NULL, NULL),
(349, '2021-09-07 09:00:00', '2021-09-07 09:30:00', 90, 10, NULL, NULL),
(350, '2021-09-07 09:30:00', '2021-09-07 10:00:00', 90, 10, NULL, NULL),
(351, '2021-09-07 10:00:00', '2021-09-07 10:30:00', 90, 10, 6, 1),
(352, '2021-09-07 10:30:00', '2021-09-07 11:00:00', 90, 10, NULL, NULL),
(353, '2021-09-07 11:00:00', '2021-09-07 11:30:00', 90, 10, NULL, NULL),
(354, '2021-09-07 11:30:00', '2021-09-07 12:00:00', 90, 10, NULL, NULL),
(355, '2021-09-07 12:00:00', '2021-09-07 12:30:00', 90, 10, NULL, NULL),
(356, '2021-09-07 12:30:00', '2021-09-07 13:00:00', 90, 10, NULL, NULL),
(357, '2021-09-07 13:00:00', '2021-09-07 13:30:00', 90, 10, NULL, NULL),
(358, '2021-09-07 13:30:00', '2021-09-07 14:00:00', 90, 10, NULL, NULL),
(359, '2021-09-08 08:00:00', '2021-09-08 08:30:00', 91, 10, 2, 8),
(362, '2021-09-08 09:30:00', '2021-09-08 10:00:00', 91, 10, NULL, NULL),
(363, '2021-09-08 10:00:00', '2021-09-08 10:30:00', 91, 10, NULL, NULL),
(364, '2021-09-08 10:30:00', '2021-09-08 11:00:00', 91, 10, NULL, NULL),
(365, '2021-09-08 11:00:00', '2021-09-08 11:30:00', 91, 10, NULL, NULL),
(367, '2021-09-09 11:30:00', '2021-09-09 12:00:00', 92, 10, NULL, NULL),
(368, '2021-09-09 12:00:00', '2021-09-09 12:30:00', 92, 10, NULL, NULL),
(369, '2021-09-09 12:30:00', '2021-09-09 13:00:00', 92, 10, NULL, NULL),
(370, '2021-09-09 13:00:00', '2021-09-09 13:30:00', 92, 10, NULL, NULL),
(371, '2021-09-09 13:30:00', '2021-09-09 14:00:00', 92, 10, NULL, NULL),
(372, '2021-09-09 14:00:00', '2021-09-09 14:30:00', 92, 10, NULL, NULL),
(373, '2021-09-09 14:30:00', '2021-09-09 15:00:00', 92, 10, NULL, NULL),
(374, '2021-09-09 15:00:00', '2021-09-09 15:30:00', 92, 10, NULL, NULL),
(375, '2021-09-09 15:30:00', '2021-09-09 16:00:00', 92, 10, NULL, NULL),
(376, '2021-09-09 16:00:00', '2021-09-09 16:30:00', 92, 10, NULL, NULL),
(377, '2021-09-09 16:30:00', '2021-09-09 17:00:00', 92, 10, NULL, NULL),
(378, '2021-09-09 17:00:00', '2021-09-09 17:30:00', 92, 10, NULL, NULL),
(379, '2021-09-09 17:30:00', '2021-09-09 18:00:00', 92, 10, NULL, NULL),
(381, '2021-09-10 10:00:00', '2021-09-10 10:30:00', 93, 10, 6, 9),
(382, '2021-09-10 10:30:00', '2021-09-10 11:00:00', 93, 10, NULL, NULL),
(383, '2021-09-10 11:00:00', '2021-09-10 11:30:00', 93, 10, NULL, NULL),
(384, '2021-09-10 11:30:00', '2021-09-10 12:00:00', 93, 10, NULL, NULL),
(385, '2021-09-10 12:00:00', '2021-09-10 12:30:00', 93, 10, 7, 10),
(387, '2021-09-10 13:00:00', '2021-09-10 13:30:00', 93, 10, 8, 1),
(388, '2021-09-10 13:30:00', '2021-09-10 14:00:00', 93, 10, 2, 2),
(389, '2021-09-08 09:30:00', '2021-09-08 10:00:00', 95, 11, NULL, NULL),
(390, '2021-09-08 10:00:00', '2021-09-08 10:30:00', 95, 11, NULL, NULL),
(391, '2021-09-08 10:30:00', '2021-09-08 11:00:00', 95, 11, NULL, NULL),
(392, '2021-09-08 11:00:00', '2021-09-08 11:30:00', 95, 11, NULL, NULL),
(393, '2021-09-08 11:30:00', '2021-09-08 12:00:00', 95, 11, NULL, NULL),
(394, '2021-09-08 12:00:00', '2021-09-08 12:30:00', 95, 11, 10, 8),
(395, '2021-09-08 12:30:00', '2021-09-08 13:00:00', 95, 11, NULL, NULL),
(396, '2021-09-08 13:00:00', '2021-09-08 13:30:00', 95, 11, NULL, NULL),
(397, '2021-09-08 13:30:00', '2021-09-08 14:00:00', 95, 11, NULL, NULL),
(398, '2021-09-08 14:00:00', '2021-09-08 14:30:00', 95, 11, NULL, NULL),
(399, '2021-09-10 09:00:00', '2021-09-10 09:30:00', 96, 5, 1, 1),
(400, '2021-09-06 08:00:00', '2021-09-06 08:30:00', 97, 5, NULL, NULL),
(402, '2021-09-10 10:00:00', '2021-09-10 10:30:00', 99, 5, NULL, NULL),
(403, '2021-09-10 10:30:00', '2021-09-10 11:00:00', 99, 5, NULL, NULL),
(404, '2021-09-10 11:00:00', '2021-09-10 11:30:00', 99, 5, NULL, NULL),
(405, '2021-09-10 11:30:00', '2021-09-10 12:00:00', 99, 5, NULL, NULL),
(406, '2021-09-10 12:00:00', '2021-09-10 12:30:00', 99, 5, 1, 9),
(407, '2021-09-10 12:30:00', '2021-09-10 13:00:00', 99, 5, NULL, NULL),
(408, '2021-09-10 13:00:00', '2021-09-10 13:30:00', 99, 5, NULL, NULL),
(409, '2021-09-13 10:30:00', '2021-09-13 11:00:00', 102, 5, NULL, NULL),
(410, '2021-09-13 11:00:00', '2021-09-13 11:30:00', 102, 5, NULL, NULL),
(411, '2021-09-13 11:30:00', '2021-09-13 12:00:00', 102, 5, NULL, NULL),
(412, '2021-09-13 12:00:00', '2021-09-13 12:30:00', 102, 5, NULL, NULL),
(413, '2021-09-13 12:30:00', '2021-09-13 13:00:00', 102, 5, NULL, NULL),
(414, '2021-09-13 13:00:00', '2021-09-13 13:30:00', 102, 5, 1, 8),
(415, '2021-09-13 13:30:00', '2021-09-13 14:00:00', 102, 5, NULL, NULL),
(416, '2021-09-13 14:00:00', '2021-09-13 14:30:00', 102, 5, NULL, NULL),
(417, '2021-09-13 14:30:00', '2021-09-13 15:00:00', 102, 5, NULL, NULL),
(418, '2021-09-13 15:00:00', '2021-09-13 15:30:00', 102, 5, NULL, NULL),
(419, '2021-09-14 10:00:00', '2021-09-14 10:30:00', 103, 5, NULL, NULL),
(420, '2021-09-14 10:30:00', '2021-09-14 11:00:00', 103, 5, NULL, NULL),
(421, '2021-09-14 11:00:00', '2021-09-14 11:30:00', 103, 5, NULL, NULL),
(422, '2021-09-14 11:30:00', '2021-09-14 12:00:00', 103, 5, NULL, NULL),
(423, '2021-09-14 12:00:00', '2021-09-14 12:30:00', 103, 5, NULL, NULL),
(424, '2021-09-14 12:30:00', '2021-09-14 13:00:00', 103, 5, NULL, NULL),
(425, '2021-09-14 13:00:00', '2021-09-14 13:30:00', 103, 5, NULL, NULL),
(426, '2021-09-14 13:30:00', '2021-09-14 14:00:00', 103, 5, NULL, NULL),
(427, '2021-09-15 08:30:00', '2021-09-15 09:00:00', 104, 5, NULL, NULL),
(428, '2021-09-15 09:00:00', '2021-09-15 09:30:00', 104, 5, 1, 10),
(429, '2021-09-15 09:30:00', '2021-09-15 10:00:00', 104, 5, NULL, NULL),
(430, '2021-09-15 10:00:00', '2021-09-15 10:30:00', 104, 5, NULL, NULL),
(431, '2021-09-15 10:30:00', '2021-09-15 11:00:00', 104, 5, NULL, NULL),
(432, '2021-09-15 11:00:00', '2021-09-15 11:30:00', 104, 5, NULL, NULL),
(433, '2021-09-16 13:00:00', '2021-09-16 13:30:00', 105, 5, NULL, NULL),
(434, '2021-09-16 13:30:00', '2021-09-16 14:00:00', 105, 5, NULL, NULL),
(435, '2021-09-16 14:00:00', '2021-09-16 14:30:00', 105, 5, NULL, NULL),
(436, '2021-09-16 14:30:00', '2021-09-16 15:00:00', 105, 5, NULL, NULL),
(437, '2021-09-16 15:00:00', '2021-09-16 15:30:00', 105, 5, NULL, NULL),
(438, '2021-09-16 15:30:00', '2021-09-16 16:00:00', 105, 5, NULL, NULL),
(439, '2021-09-16 16:00:00', '2021-09-16 16:30:00', 105, 5, NULL, NULL),
(440, '2021-09-16 16:30:00', '2021-09-16 17:00:00', 105, 5, NULL, NULL),
(441, '2021-09-16 17:00:00', '2021-09-16 17:30:00', 105, 5, NULL, NULL),
(442, '2021-09-16 17:30:00', '2021-09-16 18:00:00', 105, 5, NULL, NULL),
(443, '2021-09-16 18:00:00', '2021-09-16 18:30:00', 105, 5, NULL, NULL),
(444, '2021-09-16 18:30:00', '2021-09-16 19:00:00', 105, 5, NULL, NULL),
(445, '2021-09-16 19:00:00', '2021-09-16 19:30:00', 105, 5, NULL, NULL),
(446, '2021-09-16 19:30:00', '2021-09-16 20:00:00', 105, 5, NULL, NULL),
(447, '2021-09-17 08:30:00', '2021-09-17 09:00:00', 106, 5, NULL, NULL),
(448, '2021-09-17 09:00:00', '2021-09-17 09:30:00', 106, 5, NULL, NULL),
(449, '2021-09-17 09:30:00', '2021-09-17 10:00:00', 106, 5, NULL, NULL),
(450, '2021-09-17 10:00:00', '2021-09-17 10:30:00', 106, 5, NULL, NULL),
(451, '2021-09-17 10:30:00', '2021-09-17 11:00:00', 106, 5, NULL, NULL),
(452, '2021-09-17 11:00:00', '2021-09-17 11:30:00', 106, 5, NULL, NULL),
(453, '2021-09-17 11:30:00', '2021-09-17 12:00:00', 106, 5, NULL, NULL),
(454, '2021-09-17 12:00:00', '2021-09-17 12:30:00', 106, 5, NULL, NULL),
(455, '2021-09-17 12:30:00', '2021-09-17 13:00:00', 106, 5, NULL, NULL),
(456, '2021-09-17 13:00:00', '2021-09-17 13:30:00', 106, 5, NULL, NULL),
(457, '2021-09-17 13:30:00', '2021-09-17 14:00:00', 106, 5, NULL, NULL),
(458, '2021-09-17 14:00:00', '2021-09-17 14:30:00', 106, 5, NULL, NULL),
(459, '2021-09-17 14:30:00', '2021-09-17 15:00:00', 106, 5, NULL, NULL),
(460, '2021-09-17 15:00:00', '2021-09-17 15:30:00', 106, 5, NULL, NULL),
(461, '2021-09-20 09:00:00', '2021-09-20 09:30:00', 107, 5, NULL, NULL),
(462, '2021-09-20 09:30:00', '2021-09-20 10:00:00', 107, 5, NULL, NULL),
(463, '2021-09-20 10:00:00', '2021-09-20 10:30:00', 107, 5, NULL, NULL),
(464, '2021-09-20 10:30:00', '2021-09-20 11:00:00', 107, 5, NULL, NULL),
(465, '2021-09-20 11:00:00', '2021-09-20 11:30:00', 107, 5, NULL, NULL),
(466, '2021-09-20 11:30:00', '2021-09-20 12:00:00', 107, 5, NULL, NULL),
(467, '2021-09-20 12:00:00', '2021-09-20 12:30:00', 107, 5, NULL, NULL),
(468, '2021-09-20 12:30:00', '2021-09-20 13:00:00', 107, 5, NULL, NULL),
(469, '2021-09-20 13:00:00', '2021-09-20 13:30:00', 107, 5, NULL, NULL),
(470, '2021-09-20 13:30:00', '2021-09-20 14:00:00', 107, 5, NULL, NULL),
(471, '2021-09-21 09:00:00', '2021-09-21 09:30:00', 108, 5, NULL, NULL),
(472, '2021-09-21 09:30:00', '2021-09-21 10:00:00', 108, 5, NULL, NULL),
(473, '2021-09-21 10:00:00', '2021-09-21 10:30:00', 108, 5, NULL, NULL),
(474, '2021-09-21 10:30:00', '2021-09-21 11:00:00', 108, 5, NULL, NULL),
(475, '2021-09-21 15:30:00', '2021-09-21 16:00:00', 109, 5, NULL, NULL),
(476, '2021-09-21 16:00:00', '2021-09-21 16:30:00', 109, 5, NULL, NULL),
(477, '2021-09-21 16:30:00', '2021-09-21 17:00:00', 109, 5, NULL, NULL),
(478, '2021-09-21 17:00:00', '2021-09-21 17:30:00', 109, 5, NULL, NULL),
(479, '2021-09-21 17:30:00', '2021-09-21 18:00:00', 109, 5, NULL, NULL),
(480, '2021-09-21 18:00:00', '2021-09-21 18:30:00', 109, 5, NULL, NULL),
(481, '2021-09-21 18:30:00', '2021-09-21 19:00:00', 109, 5, NULL, NULL),
(482, '2021-09-21 19:00:00', '2021-09-21 19:30:00', 109, 5, NULL, NULL),
(483, '2021-09-21 19:30:00', '2021-09-21 20:00:00', 109, 5, NULL, NULL),
(484, '2021-09-21 20:00:00', '2021-09-21 20:30:00', 109, 5, NULL, NULL),
(485, '2021-09-22 10:00:00', '2021-09-22 10:30:00', 110, 5, NULL, NULL),
(486, '2021-09-22 10:30:00', '2021-09-22 11:00:00', 110, 5, NULL, NULL),
(487, '2021-09-22 11:00:00', '2021-09-22 11:30:00', 110, 5, NULL, NULL),
(488, '2021-09-22 11:30:00', '2021-09-22 12:00:00', 110, 5, NULL, NULL),
(489, '2021-09-22 12:00:00', '2021-09-22 12:30:00', 110, 5, NULL, NULL),
(490, '2021-09-22 12:30:00', '2021-09-22 13:00:00', 110, 5, NULL, NULL),
(491, '2021-09-22 13:00:00', '2021-09-22 13:30:00', 110, 5, NULL, NULL),
(492, '2021-09-22 13:30:00', '2021-09-22 14:00:00', 110, 5, NULL, NULL),
(493, '2021-09-22 14:00:00', '2021-09-22 14:30:00', 110, 5, NULL, NULL),
(494, '2021-09-22 14:30:00', '2021-09-22 15:00:00', 110, 5, NULL, NULL),
(495, '2021-09-13 08:30:00', '2021-09-13 09:00:00', 111, 6, NULL, NULL),
(496, '2021-09-13 09:00:00', '2021-09-13 09:30:00', 111, 6, NULL, NULL),
(497, '2021-09-13 09:30:00', '2021-09-13 10:00:00', 111, 6, NULL, NULL),
(498, '2021-09-13 10:00:00', '2021-09-13 10:30:00', 111, 6, NULL, NULL),
(499, '2021-09-13 10:30:00', '2021-09-13 11:00:00', 111, 6, NULL, NULL),
(500, '2021-09-13 11:00:00', '2021-09-13 11:30:00', 111, 6, NULL, NULL),
(501, '2021-09-13 11:30:00', '2021-09-13 12:00:00', 111, 6, NULL, NULL),
(502, '2021-09-13 12:00:00', '2021-09-13 12:30:00', 111, 6, NULL, NULL),
(503, '2021-09-13 12:30:00', '2021-09-13 13:00:00', 111, 6, NULL, NULL),
(504, '2021-09-13 13:00:00', '2021-09-13 13:30:00', 111, 6, NULL, NULL),
(505, '2021-09-13 13:30:00', '2021-09-13 14:00:00', 111, 6, NULL, NULL),
(521, '2021-09-14 08:00:00', '2021-09-14 08:30:00', 112, 6, NULL, NULL),
(522, '2021-09-14 08:30:00', '2021-09-14 09:00:00', 112, 6, NULL, NULL),
(523, '2021-09-14 09:00:00', '2021-09-14 09:30:00', 112, 6, NULL, NULL),
(524, '2021-09-14 09:30:00', '2021-09-14 10:00:00', 112, 6, NULL, NULL),
(525, '2021-09-14 10:00:00', '2021-09-14 10:30:00', 112, 6, NULL, NULL),
(526, '2021-09-14 10:30:00', '2021-09-14 11:00:00', 112, 6, NULL, NULL),
(527, '2021-09-14 11:00:00', '2021-09-14 11:30:00', 112, 6, NULL, NULL),
(528, '2021-09-14 11:30:00', '2021-09-14 12:00:00', 112, 6, NULL, NULL),
(529, '2021-09-14 12:00:00', '2021-09-14 12:30:00', 112, 6, NULL, NULL),
(530, '2021-09-14 12:30:00', '2021-09-14 13:00:00', 112, 6, NULL, NULL),
(531, '2021-09-14 13:00:00', '2021-09-14 13:30:00', 112, 6, NULL, NULL),
(532, '2021-09-14 13:30:00', '2021-09-14 14:00:00', 112, 6, NULL, NULL),
(533, '2021-09-14 14:00:00', '2021-09-14 14:30:00', 112, 6, NULL, NULL),
(534, '2021-09-14 14:30:00', '2021-09-14 15:00:00', 112, 6, NULL, NULL),
(535, '2021-09-14 15:00:00', '2021-09-14 15:30:00', 112, 6, NULL, NULL),
(536, '2021-09-14 15:30:00', '2021-09-14 16:00:00', 112, 6, NULL, NULL),
(537, '2021-09-14 16:00:00', '2021-09-14 16:30:00', 112, 6, NULL, NULL),
(538, '2021-09-14 16:30:00', '2021-09-14 17:00:00', 112, 6, NULL, NULL),
(539, '2021-09-14 17:00:00', '2021-09-14 17:30:00', 112, 6, NULL, NULL),
(540, '2021-09-15 09:30:00', '2021-09-15 10:00:00', 113, 6, NULL, NULL),
(541, '2021-09-15 10:00:00', '2021-09-15 10:30:00', 113, 6, NULL, NULL),
(542, '2021-09-15 10:30:00', '2021-09-15 11:00:00', 113, 6, NULL, NULL),
(543, '2021-09-15 11:00:00', '2021-09-15 11:30:00', 113, 6, NULL, NULL),
(544, '2021-09-15 11:30:00', '2021-09-15 12:00:00', 113, 6, NULL, NULL),
(545, '2021-09-15 12:00:00', '2021-09-15 12:30:00', 113, 6, NULL, NULL),
(546, '2021-09-15 12:30:00', '2021-09-15 13:00:00', 113, 6, NULL, NULL),
(547, '2021-09-15 13:00:00', '2021-09-15 13:30:00', 113, 6, NULL, NULL),
(548, '2021-09-15 13:30:00', '2021-09-15 14:00:00', 113, 6, NULL, NULL),
(549, '2021-09-16 15:30:00', '2021-09-16 16:00:00', 114, 6, NULL, NULL),
(550, '2021-09-16 16:00:00', '2021-09-16 16:30:00', 114, 6, NULL, NULL),
(551, '2021-09-16 16:30:00', '2021-09-16 17:00:00', 114, 6, NULL, NULL),
(552, '2021-09-16 17:00:00', '2021-09-16 17:30:00', 114, 6, NULL, NULL),
(553, '2021-09-16 17:30:00', '2021-09-16 18:00:00', 114, 6, NULL, NULL),
(554, '2021-09-16 18:00:00', '2021-09-16 18:30:00', 114, 6, NULL, NULL),
(555, '2021-09-16 18:30:00', '2021-09-16 19:00:00', 114, 6, NULL, NULL),
(556, '2021-09-16 19:00:00', '2021-09-16 19:30:00', 114, 6, NULL, NULL),
(557, '2021-09-16 19:30:00', '2021-09-16 20:00:00', 114, 6, NULL, NULL),
(558, '2021-09-17 09:00:00', '2021-09-17 09:30:00', 115, 6, NULL, NULL),
(559, '2021-09-17 09:30:00', '2021-09-17 10:00:00', 115, 6, NULL, NULL),
(560, '2021-09-17 10:00:00', '2021-09-17 10:30:00', 115, 6, NULL, NULL),
(561, '2021-09-17 10:30:00', '2021-09-17 11:00:00', 115, 6, NULL, NULL),
(562, '2021-09-17 11:00:00', '2021-09-17 11:30:00', 115, 6, NULL, NULL),
(563, '2021-09-17 11:30:00', '2021-09-17 12:00:00', 115, 6, NULL, NULL),
(564, '2021-09-17 12:00:00', '2021-09-17 12:30:00', 115, 6, NULL, NULL),
(565, '2021-09-17 12:30:00', '2021-09-17 13:00:00', 115, 6, NULL, NULL),
(566, '2021-09-17 13:00:00', '2021-09-17 13:30:00', 115, 6, NULL, NULL),
(567, '2021-09-20 09:30:00', '2021-09-20 10:00:00', 116, 6, NULL, NULL),
(568, '2021-09-20 10:00:00', '2021-09-20 10:30:00', 116, 6, NULL, NULL),
(569, '2021-09-20 10:30:00', '2021-09-20 11:00:00', 116, 6, NULL, NULL),
(570, '2021-09-20 11:00:00', '2021-09-20 11:30:00', 116, 6, NULL, NULL),
(571, '2021-09-20 11:30:00', '2021-09-20 12:00:00', 116, 6, NULL, NULL),
(572, '2021-09-20 12:00:00', '2021-09-20 12:30:00', 116, 6, NULL, NULL),
(573, '2021-09-20 12:30:00', '2021-09-20 13:00:00', 116, 6, NULL, NULL),
(574, '2021-09-20 13:00:00', '2021-09-20 13:30:00', 116, 6, NULL, NULL),
(575, '2021-09-20 13:30:00', '2021-09-20 14:00:00', 116, 6, NULL, NULL),
(576, '2021-09-20 14:00:00', '2021-09-20 14:30:00', 116, 6, NULL, NULL),
(577, '2021-09-21 09:00:00', '2021-09-21 09:30:00', 117, 6, NULL, NULL),
(578, '2021-09-21 09:30:00', '2021-09-21 10:00:00', 117, 6, NULL, NULL),
(579, '2021-09-21 10:00:00', '2021-09-21 10:30:00', 117, 6, NULL, NULL),
(580, '2021-09-22 11:00:00', '2021-09-22 11:30:00', 118, 6, NULL, NULL),
(581, '2021-09-22 11:30:00', '2021-09-22 12:00:00', 118, 6, NULL, NULL),
(582, '2021-09-22 12:00:00', '2021-09-22 12:30:00', 118, 6, NULL, NULL),
(583, '2021-09-22 12:30:00', '2021-09-22 13:00:00', 118, 6, NULL, NULL),
(584, '2021-09-22 13:00:00', '2021-09-22 13:30:00', 118, 6, NULL, NULL),
(585, '2021-09-22 13:30:00', '2021-09-22 14:00:00', 118, 6, NULL, NULL),
(586, '2021-09-22 14:00:00', '2021-09-22 14:30:00', 118, 6, NULL, NULL),
(587, '2021-09-06 09:30:00', '2021-09-06 10:00:00', 119, 7, NULL, NULL),
(588, '2021-09-06 10:00:00', '2021-09-06 10:30:00', 119, 7, NULL, NULL),
(589, '2021-09-06 10:30:00', '2021-09-06 11:00:00', 119, 7, NULL, NULL),
(590, '2021-09-06 11:00:00', '2021-09-06 11:30:00', 119, 7, NULL, NULL),
(591, '2021-09-06 11:30:00', '2021-09-06 12:00:00', 119, 7, NULL, NULL),
(592, '2021-09-06 12:00:00', '2021-09-06 12:30:00', 119, 7, NULL, NULL),
(593, '2021-09-06 12:30:00', '2021-09-06 13:00:00', 119, 7, NULL, NULL),
(594, '2021-09-06 13:00:00', '2021-09-06 13:30:00', 119, 7, NULL, NULL),
(595, '2021-09-13 11:00:00', '2021-09-13 11:30:00', 120, 7, NULL, NULL),
(596, '2021-09-13 11:30:00', '2021-09-13 12:00:00', 120, 7, NULL, NULL),
(597, '2021-09-13 12:00:00', '2021-09-13 12:30:00', 120, 7, NULL, NULL),
(598, '2021-09-13 12:30:00', '2021-09-13 13:00:00', 120, 7, NULL, NULL),
(599, '2021-09-13 13:00:00', '2021-09-13 13:30:00', 120, 7, NULL, NULL),
(600, '2021-09-13 13:30:00', '2021-09-13 14:00:00', 120, 7, NULL, NULL),
(601, '2021-09-13 14:00:00', '2021-09-13 14:30:00', 120, 7, NULL, NULL),
(602, '2021-09-13 14:30:00', '2021-09-13 15:00:00', 120, 7, NULL, NULL),
(603, '2021-09-13 15:00:00', '2021-09-13 15:30:00', 120, 7, NULL, NULL),
(624, '2021-09-14 08:00:00', '2021-09-14 08:30:00', 122, 7, NULL, NULL),
(625, '2021-09-14 08:30:00', '2021-09-14 09:00:00', 122, 7, NULL, NULL),
(626, '2021-09-14 09:00:00', '2021-09-14 09:30:00', 122, 7, NULL, NULL),
(627, '2021-09-14 09:30:00', '2021-09-14 10:00:00', 122, 7, NULL, NULL),
(628, '2021-09-14 10:00:00', '2021-09-14 10:30:00', 122, 7, NULL, NULL),
(629, '2021-09-14 10:30:00', '2021-09-14 11:00:00', 122, 7, NULL, NULL),
(630, '2021-09-14 11:00:00', '2021-09-14 11:30:00', 122, 7, NULL, NULL),
(631, '2021-09-14 11:30:00', '2021-09-14 12:00:00', 122, 7, NULL, NULL),
(632, '2021-09-14 12:00:00', '2021-09-14 12:30:00', 122, 7, NULL, NULL),
(633, '2021-09-14 12:30:00', '2021-09-14 13:00:00', 122, 7, NULL, NULL),
(634, '2021-09-14 13:00:00', '2021-09-14 13:30:00', 122, 7, NULL, NULL),
(635, '2021-09-14 13:30:00', '2021-09-14 14:00:00', 122, 7, NULL, NULL),
(636, '2021-09-14 14:00:00', '2021-09-14 14:30:00', 122, 7, NULL, NULL),
(637, '2021-09-14 14:30:00', '2021-09-14 15:00:00', 122, 7, NULL, NULL),
(638, '2021-09-14 15:00:00', '2021-09-14 15:30:00', 122, 7, NULL, NULL),
(639, '2021-09-14 15:30:00', '2021-09-14 16:00:00', 122, 7, NULL, NULL),
(640, '2021-09-15 10:30:00', '2021-09-15 11:00:00', 123, 7, NULL, NULL),
(641, '2021-09-15 11:00:00', '2021-09-15 11:30:00', 123, 7, NULL, NULL),
(642, '2021-09-15 11:30:00', '2021-09-15 12:00:00', 123, 7, NULL, NULL),
(643, '2021-09-15 12:00:00', '2021-09-15 12:30:00', 123, 7, NULL, NULL),
(644, '2021-09-15 12:30:00', '2021-09-15 13:00:00', 123, 7, NULL, NULL),
(645, '2021-09-15 13:00:00', '2021-09-15 13:30:00', 123, 7, NULL, NULL),
(646, '2021-09-15 13:30:00', '2021-09-15 14:00:00', 123, 7, NULL, NULL),
(647, '2021-09-15 14:00:00', '2021-09-15 14:30:00', 123, 7, NULL, NULL),
(648, '2021-09-15 14:30:00', '2021-09-15 15:00:00', 123, 7, NULL, NULL),
(649, '2021-09-15 15:00:00', '2021-09-15 15:30:00', 123, 7, NULL, NULL),
(650, '2021-09-15 15:30:00', '2021-09-15 16:00:00', 123, 7, NULL, NULL),
(651, '2021-09-15 16:00:00', '2021-09-15 16:30:00', 123, 7, NULL, NULL),
(652, '2021-09-15 16:30:00', '2021-09-15 17:00:00', 123, 7, NULL, NULL),
(653, '2021-09-15 17:00:00', '2021-09-15 17:30:00', 123, 7, NULL, NULL),
(654, '2021-09-15 17:30:00', '2021-09-15 18:00:00', 123, 7, NULL, NULL),
(655, '2021-09-15 18:00:00', '2021-09-15 18:30:00', 123, 7, NULL, NULL),
(656, '2021-09-16 13:30:00', '2021-09-16 14:00:00', 124, 7, NULL, NULL),
(657, '2021-09-16 14:00:00', '2021-09-16 14:30:00', 124, 7, NULL, NULL),
(658, '2021-09-16 14:30:00', '2021-09-16 15:00:00', 124, 7, NULL, NULL),
(659, '2021-09-16 15:00:00', '2021-09-16 15:30:00', 124, 7, NULL, NULL),
(660, '2021-09-16 15:30:00', '2021-09-16 16:00:00', 124, 7, NULL, NULL),
(661, '2021-09-17 10:30:00', '2021-09-17 11:00:00', 125, 7, NULL, NULL),
(662, '2021-09-17 11:00:00', '2021-09-17 11:30:00', 125, 7, NULL, NULL),
(663, '2021-09-17 11:30:00', '2021-09-17 12:00:00', 125, 7, NULL, NULL),
(664, '2021-09-17 12:00:00', '2021-09-17 12:30:00', 125, 7, NULL, NULL),
(665, '2021-09-17 12:30:00', '2021-09-17 13:00:00', 125, 7, NULL, NULL),
(666, '2021-09-17 13:00:00', '2021-09-17 13:30:00', 125, 7, NULL, NULL),
(667, '2021-09-20 10:30:00', '2021-09-20 11:00:00', 127, 7, NULL, NULL),
(668, '2021-09-20 11:00:00', '2021-09-20 11:30:00', 127, 7, NULL, NULL),
(669, '2021-09-20 11:30:00', '2021-09-20 12:00:00', 127, 7, NULL, NULL),
(670, '2021-09-20 12:00:00', '2021-09-20 12:30:00', 127, 7, NULL, NULL),
(671, '2021-09-20 12:30:00', '2021-09-20 13:00:00', 127, 7, NULL, NULL),
(672, '2021-09-20 13:00:00', '2021-09-20 13:30:00', 127, 7, NULL, NULL),
(673, '2021-09-20 13:30:00', '2021-09-20 14:00:00', 127, 7, NULL, NULL),
(674, '2021-09-20 14:00:00', '2021-09-20 14:30:00', 127, 7, NULL, NULL),
(675, '2021-09-22 13:00:00', '2021-09-22 13:30:00', 128, 7, NULL, NULL),
(676, '2021-09-22 13:30:00', '2021-09-22 14:00:00', 128, 7, NULL, NULL),
(677, '2021-09-22 14:00:00', '2021-09-22 14:30:00', 128, 7, NULL, NULL),
(678, '2021-09-22 14:30:00', '2021-09-22 15:00:00', 128, 7, NULL, NULL),
(679, '2021-09-22 15:00:00', '2021-09-22 15:30:00', 128, 7, NULL, NULL),
(680, '2021-09-22 15:30:00', '2021-09-22 16:00:00', 128, 7, NULL, NULL),
(681, '2021-09-22 16:00:00', '2021-09-22 16:30:00', 128, 7, NULL, NULL),
(682, '2021-09-13 08:30:00', '2021-09-13 09:00:00', 129, 8, NULL, NULL),
(683, '2021-09-13 09:00:00', '2021-09-13 09:30:00', 129, 8, NULL, NULL),
(684, '2021-09-13 09:30:00', '2021-09-13 10:00:00', 129, 8, NULL, NULL),
(685, '2021-09-13 10:00:00', '2021-09-13 10:30:00', 129, 8, NULL, NULL),
(686, '2021-09-13 10:30:00', '2021-09-13 11:00:00', 129, 8, NULL, NULL),
(687, '2021-09-13 11:00:00', '2021-09-13 11:30:00', 129, 8, NULL, NULL),
(688, '2021-09-13 11:30:00', '2021-09-13 12:00:00', 129, 8, NULL, NULL),
(689, '2021-09-13 12:00:00', '2021-09-13 12:30:00', 129, 8, NULL, NULL),
(690, '2021-09-13 12:30:00', '2021-09-13 13:00:00', 129, 8, NULL, NULL),
(691, '2021-09-13 13:00:00', '2021-09-13 13:30:00', 129, 8, NULL, NULL),
(692, '2021-09-13 13:30:00', '2021-09-13 14:00:00', 129, 8, NULL, NULL),
(714, '2021-09-14 08:00:00', '2021-09-14 08:30:00', 131, 8, NULL, NULL),
(715, '2021-09-14 08:30:00', '2021-09-14 09:00:00', 131, 8, NULL, NULL),
(716, '2021-09-14 09:00:00', '2021-09-14 09:30:00', 131, 8, NULL, NULL),
(717, '2021-09-14 09:30:00', '2021-09-14 10:00:00', 131, 8, NULL, NULL),
(718, '2021-09-14 10:00:00', '2021-09-14 10:30:00', 131, 8, NULL, NULL),
(719, '2021-09-14 10:30:00', '2021-09-14 11:00:00', 131, 8, NULL, NULL),
(720, '2021-09-14 11:00:00', '2021-09-14 11:30:00', 131, 8, NULL, NULL),
(721, '2021-09-14 11:30:00', '2021-09-14 12:00:00', 131, 8, NULL, NULL),
(722, '2021-09-14 12:00:00', '2021-09-14 12:30:00', 131, 8, NULL, NULL),
(723, '2021-09-14 12:30:00', '2021-09-14 13:00:00', 131, 8, NULL, NULL),
(724, '2021-09-14 13:00:00', '2021-09-14 13:30:00', 131, 8, NULL, NULL),
(725, '2021-09-14 13:30:00', '2021-09-14 14:00:00', 131, 8, NULL, NULL),
(726, '2021-09-14 14:00:00', '2021-09-14 14:30:00', 131, 8, NULL, NULL),
(727, '2021-09-14 14:30:00', '2021-09-14 15:00:00', 131, 8, NULL, NULL),
(728, '2021-09-14 15:00:00', '2021-09-14 15:30:00', 131, 8, NULL, NULL),
(729, '2021-09-14 15:30:00', '2021-09-14 16:00:00', 131, 8, NULL, NULL),
(730, '2021-09-14 16:00:00', '2021-09-14 16:30:00', 131, 8, NULL, NULL),
(731, '2021-09-14 16:30:00', '2021-09-14 17:00:00', 131, 8, NULL, NULL),
(732, '2021-09-14 17:00:00', '2021-09-14 17:30:00', 131, 8, NULL, NULL),
(733, '2021-09-14 17:30:00', '2021-09-14 18:00:00', 131, 8, NULL, NULL),
(734, '2021-09-14 18:00:00', '2021-09-14 18:30:00', 131, 8, NULL, NULL),
(751, '2021-09-15 08:00:00', '2021-09-15 08:30:00', 132, 8, NULL, NULL),
(752, '2021-09-15 08:30:00', '2021-09-15 09:00:00', 132, 8, NULL, NULL),
(753, '2021-09-15 09:00:00', '2021-09-15 09:30:00', 132, 8, NULL, NULL),
(754, '2021-09-15 09:30:00', '2021-09-15 10:00:00', 132, 8, NULL, NULL),
(755, '2021-09-15 10:00:00', '2021-09-15 10:30:00', 132, 8, NULL, NULL),
(756, '2021-09-15 10:30:00', '2021-09-15 11:00:00', 132, 8, NULL, NULL),
(757, '2021-09-15 11:00:00', '2021-09-15 11:30:00', 132, 8, NULL, NULL),
(758, '2021-09-15 11:30:00', '2021-09-15 12:00:00', 132, 8, NULL, NULL),
(759, '2021-09-15 12:00:00', '2021-09-15 12:30:00', 132, 8, NULL, NULL),
(760, '2021-09-15 12:30:00', '2021-09-15 13:00:00', 132, 8, NULL, NULL),
(761, '2021-09-15 13:00:00', '2021-09-15 13:30:00', 132, 8, NULL, NULL),
(762, '2021-09-15 13:30:00', '2021-09-15 14:00:00', 132, 8, NULL, NULL),
(763, '2021-09-15 14:00:00', '2021-09-15 14:30:00', 132, 8, NULL, NULL),
(764, '2021-09-15 14:30:00', '2021-09-15 15:00:00', 132, 8, NULL, NULL),
(765, '2021-09-15 15:00:00', '2021-09-15 15:30:00', 132, 8, NULL, NULL),
(766, '2021-09-15 15:30:00', '2021-09-15 16:00:00', 132, 8, NULL, NULL),
(767, '2021-09-15 16:00:00', '2021-09-15 16:30:00', 132, 8, NULL, NULL),
(768, '2021-09-16 16:30:00', '2021-09-16 17:00:00', 133, 8, NULL, NULL),
(769, '2021-09-16 17:00:00', '2021-09-16 17:30:00', 133, 8, NULL, NULL),
(770, '2021-09-16 17:30:00', '2021-09-16 18:00:00', 133, 8, NULL, NULL),
(771, '2021-09-16 18:00:00', '2021-09-16 18:30:00', 133, 8, NULL, NULL),
(772, '2021-09-16 18:30:00', '2021-09-16 19:00:00', 133, 8, NULL, NULL),
(773, '2021-09-16 19:00:00', '2021-09-16 19:30:00', 133, 8, NULL, NULL),
(774, '2021-09-16 19:30:00', '2021-09-16 20:00:00', 133, 8, NULL, NULL),
(775, '2021-09-16 20:00:00', '2021-09-16 20:30:00', 133, 8, NULL, NULL),
(776, '2021-09-17 13:30:00', '2021-09-17 14:00:00', 134, 8, NULL, NULL),
(777, '2021-09-17 14:00:00', '2021-09-17 14:30:00', 134, 8, NULL, NULL),
(778, '2021-09-17 14:30:00', '2021-09-17 15:00:00', 134, 8, NULL, NULL),
(779, '2021-09-20 09:30:00', '2021-09-20 10:00:00', 135, 8, NULL, NULL),
(780, '2021-09-20 10:00:00', '2021-09-20 10:30:00', 135, 8, NULL, NULL),
(781, '2021-09-20 10:30:00', '2021-09-20 11:00:00', 135, 8, NULL, NULL),
(782, '2021-09-20 11:00:00', '2021-09-20 11:30:00', 135, 8, NULL, NULL),
(783, '2021-09-20 11:30:00', '2021-09-20 12:00:00', 135, 8, NULL, NULL),
(784, '2021-09-20 12:00:00', '2021-09-20 12:30:00', 135, 8, NULL, NULL),
(785, '2021-09-20 12:30:00', '2021-09-20 13:00:00', 135, 8, NULL, NULL),
(786, '2021-09-20 13:00:00', '2021-09-20 13:30:00', 135, 8, NULL, NULL),
(787, '2021-09-20 13:30:00', '2021-09-20 14:00:00', 135, 8, NULL, NULL),
(788, '2021-09-21 08:30:00', '2021-09-21 09:00:00', 136, 8, NULL, NULL),
(789, '2021-09-21 09:00:00', '2021-09-21 09:30:00', 136, 8, NULL, NULL),
(790, '2021-09-21 09:30:00', '2021-09-21 10:00:00', 136, 8, NULL, NULL),
(791, '2021-09-21 10:00:00', '2021-09-21 10:30:00', 136, 8, NULL, NULL),
(792, '2021-09-21 10:30:00', '2021-09-21 11:00:00', 136, 8, NULL, NULL),
(793, '2021-09-22 11:30:00', '2021-09-22 12:00:00', 137, 8, NULL, NULL),
(794, '2021-09-22 12:00:00', '2021-09-22 12:30:00', 137, 8, NULL, NULL),
(795, '2021-09-22 12:30:00', '2021-09-22 13:00:00', 137, 8, NULL, NULL),
(796, '2021-09-22 13:00:00', '2021-09-22 13:30:00', 137, 8, NULL, NULL),
(797, '2021-09-22 13:30:00', '2021-09-22 14:00:00', 137, 8, NULL, NULL),
(798, '2021-09-22 14:00:00', '2021-09-22 14:30:00', 137, 8, NULL, NULL),
(799, '2021-09-23 09:00:00', '2021-09-23 09:30:00', 138, 8, NULL, NULL),
(800, '2021-09-23 09:30:00', '2021-09-23 10:00:00', 138, 8, NULL, NULL),
(801, '2021-09-23 10:00:00', '2021-09-23 10:30:00', 138, 8, NULL, NULL),
(802, '2021-09-23 10:30:00', '2021-09-23 11:00:00', 138, 8, NULL, NULL),
(803, '2021-09-23 11:00:00', '2021-09-23 11:30:00', 138, 8, NULL, NULL),
(804, '2021-09-13 09:00:00', '2021-09-13 09:30:00', 139, 9, NULL, NULL),
(805, '2021-09-13 09:30:00', '2021-09-13 10:00:00', 139, 9, NULL, NULL),
(806, '2021-09-13 10:00:00', '2021-09-13 10:30:00', 139, 9, NULL, NULL),
(807, '2021-09-13 10:30:00', '2021-09-13 11:00:00', 139, 9, NULL, NULL),
(808, '2021-09-13 11:00:00', '2021-09-13 11:30:00', 139, 9, NULL, NULL),
(809, '2021-09-13 11:30:00', '2021-09-13 12:00:00', 139, 9, NULL, NULL),
(810, '2021-09-13 12:00:00', '2021-09-13 12:30:00', 139, 9, NULL, NULL),
(811, '2021-09-13 12:30:00', '2021-09-13 13:00:00', 139, 9, NULL, NULL),
(812, '2021-09-13 13:00:00', '2021-09-13 13:30:00', 139, 9, NULL, NULL),
(813, '2021-09-13 13:30:00', '2021-09-13 14:00:00', 139, 9, NULL, NULL),
(814, '2021-09-13 14:00:00', '2021-09-13 14:30:00', 139, 9, NULL, NULL),
(815, '2021-09-13 14:30:00', '2021-09-13 15:00:00', 139, 9, 5, 10),
(816, '2021-09-13 15:00:00', '2021-09-13 15:30:00', 139, 9, NULL, NULL),
(817, '2021-09-13 15:30:00', '2021-09-13 16:00:00', 139, 9, NULL, NULL),
(818, '2021-09-13 16:00:00', '2021-09-13 16:30:00', 139, 9, NULL, NULL),
(819, '2021-09-13 16:30:00', '2021-09-13 17:00:00', 139, 9, NULL, NULL),
(820, '2021-09-14 10:30:00', '2021-09-14 11:00:00', 140, 9, NULL, NULL),
(821, '2021-09-14 11:00:00', '2021-09-14 11:30:00', 140, 9, NULL, NULL),
(822, '2021-09-14 11:30:00', '2021-09-14 12:00:00', 140, 9, NULL, NULL),
(823, '2021-09-14 12:00:00', '2021-09-14 12:30:00', 140, 9, NULL, NULL),
(824, '2021-09-14 12:30:00', '2021-09-14 13:00:00', 140, 9, NULL, NULL),
(825, '2021-09-14 13:00:00', '2021-09-14 13:30:00', 140, 9, NULL, NULL),
(826, '2021-09-14 13:30:00', '2021-09-14 14:00:00', 140, 9, NULL, NULL),
(827, '2021-09-14 14:00:00', '2021-09-14 14:30:00', 140, 9, NULL, NULL),
(828, '2021-09-14 17:00:00', '2021-09-14 17:30:00', 141, 9, NULL, NULL),
(829, '2021-09-14 17:30:00', '2021-09-14 18:00:00', 141, 9, NULL, NULL),
(830, '2021-09-14 18:00:00', '2021-09-14 18:30:00', 141, 9, NULL, NULL),
(831, '2021-09-14 18:30:00', '2021-09-14 19:00:00', 141, 9, NULL, NULL),
(832, '2021-09-15 11:30:00', '2021-09-15 12:00:00', 142, 9, NULL, NULL),
(833, '2021-09-15 12:00:00', '2021-09-15 12:30:00', 142, 9, NULL, NULL),
(834, '2021-09-15 12:30:00', '2021-09-15 13:00:00', 142, 9, NULL, NULL),
(835, '2021-09-15 13:00:00', '2021-09-15 13:30:00', 142, 9, NULL, NULL),
(836, '2021-09-15 13:30:00', '2021-09-15 14:00:00', 142, 9, NULL, NULL),
(837, '2021-09-15 14:00:00', '2021-09-15 14:30:00', 142, 9, NULL, NULL),
(838, '2021-09-15 14:30:00', '2021-09-15 15:00:00', 142, 9, NULL, NULL),
(839, '2021-09-15 15:00:00', '2021-09-15 15:30:00', 142, 9, NULL, NULL),
(840, '2021-09-15 15:30:00', '2021-09-15 16:00:00', 142, 9, NULL, NULL),
(841, '2021-09-15 16:00:00', '2021-09-15 16:30:00', 142, 9, NULL, NULL),
(842, '2021-09-15 16:30:00', '2021-09-15 17:00:00', 142, 9, NULL, NULL),
(843, '2021-09-15 17:00:00', '2021-09-15 17:30:00', 142, 9, NULL, NULL),
(844, '2021-09-15 17:30:00', '2021-09-15 18:00:00', 142, 9, NULL, NULL),
(845, '2021-09-15 18:00:00', '2021-09-15 18:30:00', 142, 9, NULL, NULL),
(846, '2021-09-15 18:30:00', '2021-09-15 19:00:00', 142, 9, NULL, NULL),
(847, '2021-09-15 19:00:00', '2021-09-15 19:30:00', 142, 9, NULL, NULL),
(848, '2021-09-15 19:30:00', '2021-09-15 20:00:00', 142, 9, NULL, NULL);
INSERT INTO `visits` (`id`, `date_from`, `date_to`, `availability_id`, `doctor_id`, `service_id`, `patient_id`) VALUES
(849, '2021-09-15 20:00:00', '2021-09-15 20:30:00', 142, 9, NULL, NULL),
(850, '2021-09-16 08:00:00', '2021-09-16 08:30:00', 143, 9, NULL, NULL),
(851, '2021-09-16 08:30:00', '2021-09-16 09:00:00', 143, 9, NULL, NULL),
(852, '2021-09-16 09:00:00', '2021-09-16 09:30:00', 143, 9, NULL, NULL),
(853, '2021-09-16 09:30:00', '2021-09-16 10:00:00', 143, 9, NULL, NULL),
(854, '2021-09-16 10:00:00', '2021-09-16 10:30:00', 143, 9, NULL, NULL),
(855, '2021-09-16 10:30:00', '2021-09-16 11:00:00', 143, 9, NULL, NULL),
(856, '2021-09-16 11:00:00', '2021-09-16 11:30:00', 143, 9, NULL, NULL),
(857, '2021-09-16 11:30:00', '2021-09-16 12:00:00', 143, 9, NULL, NULL),
(858, '2021-09-16 12:00:00', '2021-09-16 12:30:00', 143, 9, NULL, NULL),
(859, '2021-09-16 12:30:00', '2021-09-16 13:00:00', 143, 9, NULL, NULL),
(860, '2021-09-16 13:00:00', '2021-09-16 13:30:00', 143, 9, NULL, NULL),
(876, '2021-09-17 08:00:00', '2021-09-17 08:30:00', 144, 9, NULL, NULL),
(877, '2021-09-17 08:30:00', '2021-09-17 09:00:00', 144, 9, NULL, NULL),
(878, '2021-09-17 09:00:00', '2021-09-17 09:30:00', 144, 9, NULL, NULL),
(879, '2021-09-17 09:30:00', '2021-09-17 10:00:00', 144, 9, NULL, NULL),
(880, '2021-09-17 10:00:00', '2021-09-17 10:30:00', 144, 9, NULL, NULL),
(881, '2021-09-17 10:30:00', '2021-09-17 11:00:00', 144, 9, NULL, NULL),
(882, '2021-09-17 11:00:00', '2021-09-17 11:30:00', 144, 9, NULL, NULL),
(883, '2021-09-17 11:30:00', '2021-09-17 12:00:00', 144, 9, NULL, NULL),
(884, '2021-09-17 12:00:00', '2021-09-17 12:30:00', 144, 9, NULL, NULL),
(885, '2021-09-17 12:30:00', '2021-09-17 13:00:00', 144, 9, NULL, NULL),
(886, '2021-09-17 13:00:00', '2021-09-17 13:30:00', 144, 9, NULL, NULL),
(887, '2021-09-17 13:30:00', '2021-09-17 14:00:00', 144, 9, NULL, NULL),
(888, '2021-09-17 14:00:00', '2021-09-17 14:30:00', 144, 9, NULL, NULL),
(889, '2021-09-17 14:30:00', '2021-09-17 15:00:00', 144, 9, NULL, NULL),
(890, '2021-09-17 15:00:00', '2021-09-17 15:30:00', 144, 9, NULL, NULL),
(891, '2021-09-20 09:00:00', '2021-09-20 09:30:00', 145, 9, NULL, NULL),
(892, '2021-09-20 09:30:00', '2021-09-20 10:00:00', 145, 9, NULL, NULL),
(893, '2021-09-20 10:00:00', '2021-09-20 10:30:00', 145, 9, NULL, NULL),
(894, '2021-09-20 10:30:00', '2021-09-20 11:00:00', 145, 9, NULL, NULL),
(895, '2021-09-20 11:00:00', '2021-09-20 11:30:00', 145, 9, NULL, NULL),
(896, '2021-09-20 11:30:00', '2021-09-20 12:00:00', 145, 9, NULL, NULL),
(897, '2021-09-20 12:00:00', '2021-09-20 12:30:00', 145, 9, NULL, NULL),
(898, '2021-09-20 12:30:00', '2021-09-20 13:00:00', 145, 9, NULL, NULL),
(899, '2021-09-20 13:00:00', '2021-09-20 13:30:00', 145, 9, NULL, NULL),
(900, '2021-09-20 13:30:00', '2021-09-20 14:00:00', 145, 9, NULL, NULL),
(901, '2021-09-20 14:00:00', '2021-09-20 14:30:00', 145, 9, NULL, NULL),
(902, '2021-09-20 14:30:00', '2021-09-20 15:00:00', 145, 9, NULL, NULL),
(903, '2021-09-20 15:00:00', '2021-09-20 15:30:00', 145, 9, NULL, NULL),
(904, '2021-09-21 11:30:00', '2021-09-21 12:00:00', 146, 9, NULL, NULL),
(905, '2021-09-21 12:00:00', '2021-09-21 12:30:00', 146, 9, NULL, NULL),
(906, '2021-09-21 12:30:00', '2021-09-21 13:00:00', 146, 9, NULL, NULL),
(907, '2021-09-21 13:00:00', '2021-09-21 13:30:00', 146, 9, NULL, NULL),
(908, '2021-09-21 13:30:00', '2021-09-21 14:00:00', 146, 9, NULL, NULL),
(909, '2021-09-21 14:00:00', '2021-09-21 14:30:00', 146, 9, NULL, NULL),
(910, '2021-09-21 14:30:00', '2021-09-21 15:00:00', 146, 9, NULL, NULL),
(911, '2021-09-21 15:00:00', '2021-09-21 15:30:00', 146, 9, NULL, NULL),
(912, '2021-09-21 15:30:00', '2021-09-21 16:00:00', 146, 9, NULL, NULL),
(913, '2021-09-21 16:00:00', '2021-09-21 16:30:00', 146, 9, NULL, NULL),
(914, '2021-09-21 16:30:00', '2021-09-21 17:00:00', 146, 9, NULL, NULL),
(915, '2021-09-21 17:00:00', '2021-09-21 17:30:00', 146, 9, NULL, NULL),
(916, '2021-09-21 17:30:00', '2021-09-21 18:00:00', 146, 9, NULL, NULL),
(917, '2021-09-22 08:00:00', '2021-09-22 08:30:00', 147, 9, NULL, NULL),
(918, '2021-09-22 08:30:00', '2021-09-22 09:00:00', 147, 9, NULL, NULL),
(919, '2021-09-22 09:00:00', '2021-09-22 09:30:00', 147, 9, NULL, NULL),
(920, '2021-09-22 09:30:00', '2021-09-22 10:00:00', 147, 9, NULL, NULL),
(921, '2021-09-22 10:00:00', '2021-09-22 10:30:00', 147, 9, NULL, NULL),
(922, '2021-09-13 09:00:00', '2021-09-13 09:30:00', 148, 11, NULL, NULL),
(923, '2021-09-13 09:30:00', '2021-09-13 10:00:00', 148, 11, NULL, NULL),
(924, '2021-09-13 10:00:00', '2021-09-13 10:30:00', 148, 11, NULL, NULL),
(925, '2021-09-13 10:30:00', '2021-09-13 11:00:00', 148, 11, NULL, NULL),
(926, '2021-09-13 11:00:00', '2021-09-13 11:30:00', 148, 11, NULL, NULL),
(927, '2021-09-13 11:30:00', '2021-09-13 12:00:00', 148, 11, NULL, NULL),
(928, '2021-09-13 12:00:00', '2021-09-13 12:30:00', 148, 11, NULL, NULL),
(929, '2021-09-13 12:30:00', '2021-09-13 13:00:00', 148, 11, NULL, NULL),
(930, '2021-09-13 13:00:00', '2021-09-13 13:30:00', 148, 11, NULL, NULL),
(931, '2021-09-13 13:30:00', '2021-09-13 14:00:00', 148, 11, NULL, NULL),
(932, '2021-09-14 11:00:00', '2021-09-14 11:30:00', 149, 11, NULL, NULL),
(933, '2021-09-14 11:30:00', '2021-09-14 12:00:00', 149, 11, NULL, NULL),
(934, '2021-09-14 12:00:00', '2021-09-14 12:30:00', 149, 11, NULL, NULL),
(935, '2021-09-14 12:30:00', '2021-09-14 13:00:00', 149, 11, NULL, NULL),
(936, '2021-09-14 13:00:00', '2021-09-14 13:30:00', 149, 11, NULL, NULL),
(937, '2021-09-14 13:30:00', '2021-09-14 14:00:00', 149, 11, NULL, NULL),
(938, '2021-09-14 14:00:00', '2021-09-14 14:30:00', 149, 11, NULL, NULL),
(939, '2021-09-14 14:30:00', '2021-09-14 15:00:00', 149, 11, NULL, NULL),
(940, '2021-09-14 15:00:00', '2021-09-14 15:30:00', 149, 11, NULL, NULL),
(941, '2021-09-14 15:30:00', '2021-09-14 16:00:00', 149, 11, NULL, NULL),
(942, '2021-09-14 16:00:00', '2021-09-14 16:30:00', 149, 11, NULL, NULL),
(943, '2021-09-14 16:30:00', '2021-09-14 17:00:00', 149, 11, NULL, NULL),
(944, '2021-09-14 17:00:00', '2021-09-14 17:30:00', 149, 11, NULL, NULL),
(945, '2021-09-14 17:30:00', '2021-09-14 18:00:00', 149, 11, NULL, NULL),
(946, '2021-09-14 18:00:00', '2021-09-14 18:30:00', 149, 11, NULL, NULL),
(947, '2021-09-14 18:30:00', '2021-09-14 19:00:00', 149, 11, NULL, NULL),
(948, '2021-09-16 10:30:00', '2021-09-16 11:00:00', 151, 11, NULL, NULL),
(949, '2021-09-16 11:00:00', '2021-09-16 11:30:00', 151, 11, NULL, NULL),
(950, '2021-09-16 11:30:00', '2021-09-16 12:00:00', 151, 11, NULL, NULL),
(951, '2021-09-16 12:00:00', '2021-09-16 12:30:00', 151, 11, NULL, NULL),
(952, '2021-09-16 12:30:00', '2021-09-16 13:00:00', 151, 11, NULL, NULL),
(953, '2021-09-16 13:00:00', '2021-09-16 13:30:00', 151, 11, NULL, NULL),
(954, '2021-09-16 13:30:00', '2021-09-16 14:00:00', 151, 11, NULL, NULL),
(955, '2021-09-16 14:00:00', '2021-09-16 14:30:00', 151, 11, NULL, NULL),
(956, '2021-09-16 14:30:00', '2021-09-16 15:00:00', 151, 11, NULL, NULL),
(957, '2021-09-20 09:30:00', '2021-09-20 10:00:00', 153, 11, NULL, NULL),
(958, '2021-09-20 10:00:00', '2021-09-20 10:30:00', 153, 11, NULL, NULL),
(959, '2021-09-20 10:30:00', '2021-09-20 11:00:00', 153, 11, NULL, NULL),
(960, '2021-09-20 11:00:00', '2021-09-20 11:30:00', 153, 11, NULL, NULL),
(961, '2021-09-20 11:30:00', '2021-09-20 12:00:00', 153, 11, NULL, NULL),
(962, '2021-09-20 12:00:00', '2021-09-20 12:30:00', 153, 11, NULL, NULL),
(963, '2021-09-20 12:30:00', '2021-09-20 13:00:00', 153, 11, NULL, NULL),
(964, '2021-09-20 13:00:00', '2021-09-20 13:30:00', 153, 11, NULL, NULL),
(965, '2021-09-20 13:30:00', '2021-09-20 14:00:00', 153, 11, NULL, NULL),
(966, '2021-09-20 14:00:00', '2021-09-20 14:30:00', 153, 11, NULL, NULL),
(967, '2021-09-20 14:30:00', '2021-09-20 15:00:00', 153, 11, NULL, NULL),
(968, '2021-09-20 15:00:00', '2021-09-20 15:30:00', 153, 11, NULL, NULL),
(969, '2021-09-20 15:30:00', '2021-09-20 16:00:00', 153, 11, NULL, NULL),
(970, '2021-09-20 16:00:00', '2021-09-20 16:30:00', 153, 11, NULL, NULL),
(971, '2021-09-20 16:30:00', '2021-09-20 17:00:00', 153, 11, NULL, NULL),
(972, '2021-09-20 17:00:00', '2021-09-20 17:30:00', 153, 11, NULL, NULL),
(973, '2021-09-20 17:30:00', '2021-09-20 18:00:00', 153, 11, NULL, NULL),
(974, '2021-09-20 18:00:00', '2021-09-20 18:30:00', 153, 11, NULL, NULL),
(975, '2021-09-20 18:30:00', '2021-09-20 19:00:00', 153, 11, NULL, NULL),
(976, '2021-09-20 19:00:00', '2021-09-20 19:30:00', 153, 11, NULL, NULL),
(977, '2021-09-21 08:00:00', '2021-09-21 08:30:00', 154, 11, 10, 10),
(978, '2021-09-21 08:30:00', '2021-09-21 09:00:00', 154, 11, NULL, NULL),
(979, '2021-09-21 09:00:00', '2021-09-21 09:30:00', 154, 11, NULL, NULL),
(980, '2021-09-21 09:30:00', '2021-09-21 10:00:00', 154, 11, NULL, NULL),
(981, '2021-09-21 10:00:00', '2021-09-21 10:30:00', 154, 11, NULL, NULL),
(982, '2021-09-21 10:30:00', '2021-09-21 11:00:00', 154, 11, NULL, NULL),
(983, '2021-09-21 11:00:00', '2021-09-21 11:30:00', 154, 11, NULL, NULL),
(984, '2021-09-22 11:30:00', '2021-09-22 12:00:00', 155, 11, NULL, NULL),
(985, '2021-09-22 12:00:00', '2021-09-22 12:30:00', 155, 11, NULL, NULL),
(986, '2021-09-22 12:30:00', '2021-09-22 13:00:00', 155, 11, NULL, NULL),
(987, '2021-09-22 13:00:00', '2021-09-22 13:30:00', 155, 11, NULL, NULL),
(988, '2021-09-22 13:30:00', '2021-09-22 14:00:00', 155, 11, NULL, NULL),
(989, '2021-09-22 14:00:00', '2021-09-22 14:30:00', 155, 11, NULL, NULL),
(990, '2021-09-22 14:30:00', '2021-09-22 15:00:00', 155, 11, NULL, NULL),
(991, '2021-09-14 08:30:00', '2021-09-14 09:00:00', 158, 17, 21, 10),
(992, '2021-09-14 09:00:00', '2021-09-14 09:30:00', 158, 17, NULL, NULL),
(993, '2021-09-14 09:30:00', '2021-09-14 10:00:00', 158, 17, NULL, NULL),
(994, '2021-09-14 10:00:00', '2021-09-14 10:30:00', 158, 17, NULL, NULL),
(995, '2021-09-14 10:30:00', '2021-09-14 11:00:00', 158, 17, NULL, NULL),
(996, '2021-09-14 11:00:00', '2021-09-14 11:30:00', 158, 17, NULL, NULL),
(997, '2021-09-17 08:30:00', '2021-09-17 09:00:00', 160, 17, NULL, NULL),
(998, '2021-09-17 09:00:00', '2021-09-17 09:30:00', 160, 17, NULL, NULL),
(999, '2021-09-17 09:30:00', '2021-09-17 10:00:00', 160, 17, NULL, NULL),
(1000, '2021-09-17 10:00:00', '2021-09-17 10:30:00', 160, 17, NULL, NULL),
(1001, '2021-09-17 10:30:00', '2021-09-17 11:00:00', 160, 17, NULL, NULL),
(1002, '2021-09-17 11:00:00', '2021-09-17 11:30:00', 160, 17, NULL, NULL),
(1003, '2021-09-17 11:30:00', '2021-09-17 12:00:00', 160, 17, NULL, NULL),
(1004, '2021-09-17 12:00:00', '2021-09-17 12:30:00', 160, 17, NULL, NULL),
(1005, '2021-09-17 12:30:00', '2021-09-17 13:00:00', 160, 17, NULL, NULL),
(1006, '2021-09-17 13:00:00', '2021-09-17 13:30:00', 160, 17, NULL, NULL),
(1007, '2021-09-17 13:30:00', '2021-09-17 14:00:00', 160, 17, NULL, NULL),
(1008, '2021-08-31 11:30:00', '2021-08-31 12:00:00', 162, 18, NULL, NULL),
(1009, '2021-08-31 12:00:00', '2021-08-31 12:30:00', 162, 18, NULL, NULL),
(1010, '2021-08-31 12:30:00', '2021-08-31 13:00:00', 162, 18, NULL, NULL),
(1011, '2021-08-31 13:00:00', '2021-08-31 13:30:00', 162, 18, NULL, NULL),
(1012, '2021-08-31 13:30:00', '2021-08-31 14:00:00', 162, 18, 18, 10),
(1013, '2021-08-16 08:30:00', '2021-08-16 09:00:00', 164, 19, NULL, NULL),
(1014, '2021-08-16 09:00:00', '2021-08-16 09:30:00', 164, 19, NULL, NULL),
(1015, '2021-08-16 09:30:00', '2021-08-16 10:00:00', 164, 19, NULL, NULL),
(1016, '2021-08-16 10:00:00', '2021-08-16 10:30:00', 164, 19, NULL, NULL),
(1017, '2021-08-16 10:30:00', '2021-08-16 11:00:00', 164, 19, NULL, NULL),
(1018, '2021-08-19 09:00:00', '2021-08-19 09:30:00', 165, 19, NULL, NULL),
(1019, '2021-08-19 09:30:00', '2021-08-19 10:00:00', 165, 19, NULL, NULL),
(1020, '2021-08-19 10:00:00', '2021-08-19 10:30:00', 165, 19, NULL, NULL),
(1021, '2021-08-19 10:30:00', '2021-08-19 11:00:00', 165, 19, NULL, NULL),
(1022, '2021-08-19 11:00:00', '2021-08-19 11:30:00', 165, 19, NULL, NULL),
(1023, '2021-08-19 11:30:00', '2021-08-19 12:00:00', 165, 19, 29, 10),
(1024, '2021-08-19 12:00:00', '2021-08-19 12:30:00', 165, 19, NULL, NULL),
(1025, '2021-08-19 12:30:00', '2021-08-19 13:00:00', 165, 19, NULL, NULL),
(1026, '2021-09-13 09:30:00', '2021-09-13 10:00:00', 166, 10, NULL, NULL),
(1027, '2021-09-13 10:00:00', '2021-09-13 10:30:00', 166, 10, NULL, NULL),
(1028, '2021-09-13 10:30:00', '2021-09-13 11:00:00', 166, 10, 7, 2),
(1029, '2021-09-13 11:00:00', '2021-09-13 11:30:00', 166, 10, NULL, NULL),
(1030, '2021-09-13 11:30:00', '2021-09-13 12:00:00', 166, 10, NULL, NULL),
(1031, '2021-09-13 12:00:00', '2021-09-13 12:30:00', 166, 10, NULL, NULL),
(1032, '2021-09-13 12:30:00', '2021-09-13 13:00:00', 166, 10, NULL, NULL),
(1033, '2021-09-14 09:30:00', '2021-09-14 10:00:00', 167, 10, NULL, NULL),
(1034, '2021-09-14 10:00:00', '2021-09-14 10:30:00', 167, 10, NULL, NULL),
(1035, '2021-09-14 10:30:00', '2021-09-14 11:00:00', 167, 10, NULL, NULL),
(1036, '2021-09-14 11:00:00', '2021-09-14 11:30:00', 167, 10, NULL, NULL),
(1037, '2021-09-14 11:30:00', '2021-09-14 12:00:00', 167, 10, NULL, NULL),
(1038, '2021-09-14 12:00:00', '2021-09-14 12:30:00', 167, 10, NULL, NULL),
(1039, '2021-09-14 12:30:00', '2021-09-14 13:00:00', 167, 10, NULL, NULL),
(1040, '2021-09-14 13:00:00', '2021-09-14 13:30:00', 167, 10, 7, 4),
(1041, '2021-09-14 13:30:00', '2021-09-14 14:00:00', 167, 10, NULL, NULL),
(1042, '2021-09-14 14:00:00', '2021-09-14 14:30:00', 167, NULL, NULL, NULL),
(1043, '2021-09-14 14:30:00', '2021-09-14 15:00:00', 167, 10, NULL, NULL),
(1049, '2021-09-13 09:00:00', '2021-09-13 09:30:00', 169, 21, NULL, NULL),
(1050, '2021-09-13 09:30:00', '2021-09-13 10:00:00', 169, 21, NULL, NULL),
(1051, '2021-09-13 10:00:00', '2021-09-13 10:30:00', 169, 21, NULL, NULL),
(1052, '2021-09-13 10:30:00', '2021-09-13 11:00:00', 169, 21, NULL, NULL),
(1053, '2021-09-13 11:00:00', '2021-09-13 11:30:00', 169, 21, NULL, NULL),
(1054, '2021-09-13 11:30:00', '2021-09-13 12:00:00', 169, 21, NULL, NULL),
(1055, '2021-09-13 12:00:00', '2021-09-13 12:30:00', 169, 21, NULL, NULL),
(1056, '2021-09-13 12:30:00', '2021-09-13 13:00:00', 169, 21, NULL, NULL),
(1057, '2021-09-13 13:00:00', '2021-09-13 13:30:00', 169, 21, NULL, NULL),
(1058, '2021-09-13 13:30:00', '2021-09-13 14:00:00', 169, 21, NULL, NULL),
(1059, '2021-09-15 08:00:00', '2021-09-15 08:30:00', 170, 21, NULL, NULL),
(1060, '2021-09-15 08:30:00', '2021-09-15 09:00:00', 170, 21, NULL, NULL),
(1061, '2021-09-15 09:00:00', '2021-09-15 09:30:00', 170, 21, NULL, NULL),
(1077, '2021-09-14 08:00:00', '2021-09-14 08:30:00', 171, 21, NULL, NULL),
(1078, '2021-09-14 08:30:00', '2021-09-14 09:00:00', 171, 21, NULL, NULL),
(1079, '2021-09-14 09:00:00', '2021-09-14 09:30:00', 171, 21, NULL, NULL),
(1080, '2021-09-14 09:30:00', '2021-09-14 10:00:00', 171, 21, NULL, NULL),
(1081, '2021-09-14 10:00:00', '2021-09-14 10:30:00', 171, 21, NULL, NULL),
(1082, '2021-09-14 10:30:00', '2021-09-14 11:00:00', 171, 21, NULL, NULL),
(1083, '2021-09-14 11:00:00', '2021-09-14 11:30:00', 171, 21, NULL, NULL),
(1084, '2021-09-14 11:30:00', '2021-09-14 12:00:00', 171, 21, NULL, NULL),
(1085, '2021-09-14 12:00:00', '2021-09-14 12:30:00', 171, 21, NULL, NULL),
(1086, '2021-09-14 12:30:00', '2021-09-14 13:00:00', 171, 21, 9, 7),
(1087, '2021-09-14 13:00:00', '2021-09-14 13:30:00', 171, 21, NULL, NULL),
(1088, '2021-09-14 13:30:00', '2021-09-14 14:00:00', 171, 21, NULL, NULL),
(1089, '2021-09-14 14:00:00', '2021-09-14 14:30:00', 171, 21, NULL, NULL),
(1090, '2021-09-14 14:30:00', '2021-09-14 15:00:00', 171, 21, NULL, NULL),
(1091, '2021-09-14 15:00:00', '2021-09-14 15:30:00', 171, 21, NULL, NULL),
(1092, '2021-09-14 15:30:00', '2021-09-14 16:00:00', 171, 21, NULL, NULL),
(1093, '2021-09-14 16:00:00', '2021-09-14 16:30:00', 171, 21, NULL, NULL),
(1094, '2021-09-14 16:30:00', '2021-09-14 17:00:00', 171, 21, NULL, NULL),
(1095, '2021-09-14 17:00:00', '2021-09-14 17:30:00', 171, 21, NULL, NULL),
(1096, '2021-09-14 17:30:00', '2021-09-14 18:00:00', 171, 21, NULL, NULL),
(1097, '2021-09-14 18:00:00', '2021-09-14 18:30:00', 171, 21, NULL, NULL),
(1098, '2021-09-14 18:30:00', '2021-09-14 19:00:00', 171, 21, NULL, NULL),
(1099, '2021-09-17 10:30:00', '2021-09-17 11:00:00', 174, 10, NULL, NULL),
(1100, '2021-09-17 11:00:00', '2021-09-17 11:30:00', 174, 10, NULL, NULL),
(1101, '2021-09-17 11:30:00', '2021-09-17 12:00:00', 174, 10, NULL, NULL),
(1102, '2021-09-17 12:00:00', '2021-09-17 12:30:00', 174, 10, NULL, NULL),
(1103, '2021-09-17 12:30:00', '2021-09-17 13:00:00', 174, 10, NULL, NULL),
(1104, '2021-09-17 13:00:00', '2021-09-17 13:30:00', 174, 10, NULL, NULL),
(1105, '2021-09-17 13:30:00', '2021-09-17 14:00:00', 174, 10, NULL, NULL),
(1106, '2021-09-29 11:00:00', '2021-09-29 11:30:00', 179, 10, NULL, NULL),
(1107, '2021-09-29 11:30:00', '2021-09-29 12:00:00', 179, 10, NULL, NULL),
(1108, '2021-09-29 12:00:00', '2021-09-29 12:30:00', 179, 10, NULL, NULL),
(1109, '2021-09-29 12:30:00', '2021-09-29 13:00:00', 179, 10, NULL, NULL),
(1110, '2021-09-29 13:00:00', '2021-09-29 13:30:00', 179, 10, NULL, NULL),
(1111, '2021-09-29 13:30:00', '2021-09-29 14:00:00', 179, 10, NULL, NULL),
(1112, '2021-09-29 14:00:00', '2021-09-29 14:30:00', 179, 10, NULL, NULL),
(1113, '2021-09-29 14:30:00', '2021-09-29 15:00:00', 179, 10, NULL, NULL),
(1114, '2021-09-29 15:00:00', '2021-09-29 15:30:00', 179, 10, NULL, NULL),
(1115, '2021-09-29 15:30:00', '2021-09-29 16:00:00', 179, 10, NULL, NULL),
(1116, '2021-09-29 16:00:00', '2021-09-29 16:30:00', 179, 10, NULL, NULL),
(1117, '2021-09-29 16:30:00', '2021-09-29 17:00:00', 179, 10, NULL, NULL),
(1118, '2021-09-29 17:00:00', '2021-09-29 17:30:00', 179, 10, NULL, NULL),
(1119, '2021-09-29 17:30:00', '2021-09-29 18:00:00', 179, 10, NULL, NULL),
(1120, '2021-09-23 09:00:00', '2021-09-23 09:30:00', 180, 5, NULL, NULL),
(1121, '2021-09-23 09:30:00', '2021-09-23 10:00:00', 180, 5, NULL, NULL),
(1122, '2021-09-23 10:00:00', '2021-09-23 10:30:00', 180, 5, NULL, NULL),
(1123, '2021-09-23 10:30:00', '2021-09-23 11:00:00', 180, 5, NULL, NULL),
(1124, '2021-09-23 11:00:00', '2021-09-23 11:30:00', 180, 5, NULL, NULL),
(1125, '2021-09-23 11:30:00', '2021-09-23 12:00:00', 180, 5, NULL, NULL),
(1126, '2021-09-24 10:00:00', '2021-09-24 10:30:00', 181, 5, NULL, NULL),
(1127, '2021-09-24 10:30:00', '2021-09-24 11:00:00', 181, 5, NULL, NULL),
(1128, '2021-09-24 11:00:00', '2021-09-24 11:30:00', 181, 5, NULL, NULL),
(1129, '2021-09-24 11:30:00', '2021-09-24 12:00:00', 181, 5, NULL, NULL),
(1130, '2021-09-24 12:00:00', '2021-09-24 12:30:00', 181, 5, NULL, NULL),
(1131, '2021-09-24 12:30:00', '2021-09-24 13:00:00', 181, 5, NULL, NULL),
(1132, '2021-09-24 13:00:00', '2021-09-24 13:30:00', 181, 5, NULL, NULL),
(1133, '2021-09-24 13:30:00', '2021-09-24 14:00:00', 181, 5, NULL, NULL),
(1134, '2021-09-24 14:00:00', '2021-09-24 14:30:00', 181, 5, NULL, NULL),
(1135, '2021-09-24 14:30:00', '2021-09-24 15:00:00', 181, 5, NULL, NULL),
(1136, '2021-09-24 15:00:00', '2021-09-24 15:30:00', 181, 5, NULL, NULL),
(1137, '2021-09-24 15:30:00', '2021-09-24 16:00:00', 181, 5, NULL, NULL),
(1138, '2021-09-27 09:30:00', '2021-09-27 10:00:00', 182, 5, NULL, NULL),
(1139, '2021-09-27 10:00:00', '2021-09-27 10:30:00', 182, 5, NULL, NULL),
(1140, '2021-09-27 10:30:00', '2021-09-27 11:00:00', 182, 5, NULL, NULL),
(1141, '2021-09-27 12:00:00', '2021-09-27 12:30:00', 183, 5, NULL, NULL),
(1142, '2021-09-27 12:30:00', '2021-09-27 13:00:00', 183, 5, NULL, NULL),
(1143, '2021-09-27 13:00:00', '2021-09-27 13:30:00', 183, 5, NULL, NULL),
(1144, '2021-09-27 13:30:00', '2021-09-27 14:00:00', 183, 5, NULL, NULL),
(1145, '2021-09-27 14:00:00', '2021-09-27 14:30:00', 183, 5, NULL, NULL),
(1146, '2021-09-27 14:30:00', '2021-09-27 15:00:00', 183, 5, NULL, NULL),
(1147, '2021-09-27 15:00:00', '2021-09-27 15:30:00', 183, 5, NULL, NULL),
(1148, '2021-09-28 08:30:00', '2021-09-28 09:00:00', 184, 5, NULL, NULL),
(1149, '2021-09-28 09:00:00', '2021-09-28 09:30:00', 184, 5, NULL, NULL),
(1150, '2021-09-28 09:30:00', '2021-09-28 10:00:00', 184, 5, NULL, NULL),
(1151, '2021-09-28 10:00:00', '2021-09-28 10:30:00', 184, 5, NULL, NULL),
(1152, '2021-09-28 10:30:00', '2021-09-28 11:00:00', 184, 5, NULL, NULL),
(1153, '2021-09-28 11:00:00', '2021-09-28 11:30:00', 184, 5, NULL, NULL),
(1154, '2021-09-28 11:30:00', '2021-09-28 12:00:00', 184, 5, NULL, NULL),
(1155, '2021-09-29 08:30:00', '2021-09-29 09:00:00', 185, 5, NULL, NULL),
(1156, '2021-09-29 09:00:00', '2021-09-29 09:30:00', 185, 5, NULL, NULL),
(1157, '2021-09-29 09:30:00', '2021-09-29 10:00:00', 185, 5, NULL, NULL),
(1158, '2021-09-29 10:00:00', '2021-09-29 10:30:00', 185, 5, NULL, NULL),
(1159, '2021-09-29 10:30:00', '2021-09-29 11:00:00', 185, 5, NULL, NULL),
(1160, '2021-09-29 11:00:00', '2021-09-29 11:30:00', 185, 5, NULL, NULL),
(1161, '2021-09-29 11:30:00', '2021-09-29 12:00:00', 185, 5, NULL, NULL),
(1162, '2021-09-29 12:00:00', '2021-09-29 12:30:00', 185, 5, NULL, NULL),
(1163, '2021-09-30 08:30:00', '2021-09-30 09:00:00', 187, 5, NULL, NULL),
(1164, '2021-09-30 09:00:00', '2021-09-30 09:30:00', 187, 5, NULL, NULL),
(1165, '2021-09-30 09:30:00', '2021-09-30 10:00:00', 187, 5, NULL, NULL),
(1166, '2021-09-30 10:00:00', '2021-09-30 10:30:00', 187, 5, NULL, NULL),
(1167, '2021-10-01 09:30:00', '2021-10-01 10:00:00', 188, 5, NULL, NULL),
(1168, '2021-10-01 10:00:00', '2021-10-01 10:30:00', 188, 5, 1, 1),
(1169, '2021-10-01 10:30:00', '2021-10-01 11:00:00', 188, 5, NULL, NULL),
(1170, '2021-10-01 11:00:00', '2021-10-01 11:30:00', 188, 5, NULL, NULL),
(1171, '2021-10-01 11:30:00', '2021-10-01 12:00:00', 188, 5, NULL, NULL),
(1172, '2021-10-01 12:00:00', '2021-10-01 12:30:00', 188, 5, NULL, NULL),
(1173, '2021-09-30 11:30:00', '2021-09-30 12:00:00', 189, 5, NULL, NULL),
(1174, '2021-09-30 12:00:00', '2021-09-30 12:30:00', 189, 5, NULL, NULL),
(1175, '2021-09-30 12:30:00', '2021-09-30 13:00:00', 189, 5, NULL, NULL),
(1176, '2021-09-30 13:00:00', '2021-09-30 13:30:00', 189, 5, NULL, NULL),
(1177, '2021-09-30 13:30:00', '2021-09-30 14:00:00', 189, 5, NULL, NULL),
(1178, '2021-09-30 14:00:00', '2021-09-30 14:30:00', 189, 5, NULL, NULL),
(1179, '2021-09-30 14:30:00', '2021-09-30 15:00:00', 189, 5, NULL, NULL),
(1180, '2021-09-30 15:00:00', '2021-09-30 15:30:00', 189, 5, NULL, NULL),
(1181, '2021-09-20 09:00:00', '2021-09-20 09:30:00', 190, 22, NULL, NULL),
(1182, '2021-09-20 09:30:00', '2021-09-20 10:00:00', 190, 22, NULL, NULL),
(1183, '2021-09-20 10:00:00', '2021-09-20 10:30:00', 190, 22, 9, 18),
(1184, '2021-09-20 10:30:00', '2021-09-20 11:00:00', 190, 22, NULL, NULL),
(1185, '2021-09-20 11:00:00', '2021-09-20 11:30:00', 190, 22, NULL, NULL),
(1186, '2021-09-20 11:30:00', '2021-09-20 12:00:00', 190, 22, NULL, NULL),
(1187, '2021-09-20 12:00:00', '2021-09-20 12:30:00', 190, 22, NULL, NULL),
(1188, '2021-09-20 12:30:00', '2021-09-20 13:00:00', 190, 22, NULL, NULL),
(1189, '2021-09-21 11:00:00', '2021-09-21 11:30:00', 191, 22, NULL, NULL),
(1190, '2021-09-21 11:30:00', '2021-09-21 12:00:00', 191, 22, NULL, NULL),
(1191, '2021-09-21 12:00:00', '2021-09-21 12:30:00', 191, 22, NULL, NULL),
(1192, '2021-09-21 12:30:00', '2021-09-21 13:00:00', 191, 22, NULL, NULL),
(1193, '2021-09-21 13:00:00', '2021-09-21 13:30:00', 191, 22, NULL, NULL),
(1194, '2021-09-21 13:30:00', '2021-09-21 14:00:00', 191, 22, NULL, NULL),
(1195, '2021-09-23 15:00:00', '2021-09-23 15:30:00', 192, 22, NULL, NULL),
(1196, '2021-09-23 15:30:00', '2021-09-23 16:00:00', 192, 22, 11, 8),
(1197, '2021-09-23 16:00:00', '2021-09-23 16:30:00', 192, 22, NULL, NULL),
(1198, '2021-09-23 16:30:00', '2021-09-23 17:00:00', 192, 22, NULL, NULL),
(1199, '2021-09-23 17:00:00', '2021-09-23 17:30:00', 192, 22, NULL, NULL),
(1200, '2021-09-28 10:00:00', '2021-09-28 10:30:00', 193, 22, 10, 11),
(1201, '2021-09-28 10:30:00', '2021-09-28 11:00:00', 193, 22, NULL, NULL),
(1202, '2021-09-28 11:00:00', '2021-09-28 11:30:00', 193, 22, NULL, NULL),
(1203, '2021-09-28 11:30:00', '2021-09-28 12:00:00', 193, 22, NULL, NULL),
(1204, '2021-09-28 12:00:00', '2021-09-28 12:30:00', 193, 22, NULL, NULL),
(1205, '2021-09-28 12:30:00', '2021-09-28 13:00:00', 193, 22, NULL, NULL),
(1206, '2021-09-28 13:00:00', '2021-09-28 13:30:00', 193, 22, NULL, NULL),
(1207, '2021-09-29 16:30:00', '2021-09-29 17:00:00', 194, 22, NULL, NULL),
(1208, '2021-09-29 17:00:00', '2021-09-29 17:30:00', 194, 22, NULL, NULL),
(1209, '2021-09-29 17:30:00', '2021-09-29 18:00:00', 194, 22, 9, 4),
(1210, '2021-09-29 18:00:00', '2021-09-29 18:30:00', 194, 22, NULL, NULL),
(1211, '2021-09-29 18:30:00', '2021-09-29 19:00:00', 194, 22, NULL, NULL),
(1212, '2021-09-14 11:00:00', '2021-09-14 11:30:00', 195, 22, NULL, NULL),
(1213, '2021-09-14 11:30:00', '2021-09-14 12:00:00', 195, 22, 11, 2),
(1214, '2021-09-14 12:00:00', '2021-09-14 12:30:00', 195, 22, NULL, NULL),
(1215, '2021-09-14 12:30:00', '2021-09-14 13:00:00', 195, 22, NULL, NULL),
(1216, '2021-09-14 13:00:00', '2021-09-14 13:30:00', 195, 22, NULL, NULL),
(1217, '2021-09-14 13:30:00', '2021-09-14 14:00:00', 195, 22, NULL, NULL),
(1218, '2021-09-14 14:00:00', '2021-09-14 14:30:00', 195, 22, NULL, NULL),
(1219, '2021-09-14 14:30:00', '2021-09-14 15:00:00', 195, 22, NULL, NULL),
(1220, '2021-09-06 08:30:00', '2021-09-06 09:00:00', 196, 23, NULL, NULL),
(1221, '2021-09-06 09:00:00', '2021-09-06 09:30:00', 196, 23, NULL, NULL),
(1222, '2021-09-06 09:30:00', '2021-09-06 10:00:00', 196, 23, NULL, NULL),
(1223, '2021-09-06 10:00:00', '2021-09-06 10:30:00', 196, 23, 9, 13),
(1224, '2021-09-06 10:30:00', '2021-09-06 11:00:00', 196, 23, NULL, NULL),
(1225, '2021-09-08 13:00:00', '2021-09-08 13:30:00', 197, 23, NULL, NULL),
(1226, '2021-09-08 13:30:00', '2021-09-08 14:00:00', 197, 23, NULL, NULL),
(1227, '2021-09-08 14:00:00', '2021-09-08 14:30:00', 197, 23, NULL, NULL),
(1228, '2021-09-08 14:30:00', '2021-09-08 15:00:00', 197, 23, NULL, NULL),
(1229, '2021-09-21 10:00:00', '2021-09-21 10:30:00', 198, 23, 11, 4),
(1230, '2021-09-21 10:30:00', '2021-09-21 11:00:00', 198, 23, NULL, NULL),
(1231, '2021-09-21 11:00:00', '2021-09-21 11:30:00', 198, 23, NULL, NULL),
(1232, '2021-09-21 11:30:00', '2021-09-21 12:00:00', 198, 23, NULL, NULL),
(1233, '2021-09-21 12:00:00', '2021-09-21 12:30:00', 198, 23, NULL, NULL),
(1234, '2021-09-21 12:30:00', '2021-09-21 13:00:00', 198, 23, NULL, NULL),
(1235, '2021-09-23 15:00:00', '2021-09-23 15:30:00', 199, 23, NULL, NULL),
(1236, '2021-09-23 15:30:00', '2021-09-23 16:00:00', 199, 23, NULL, NULL),
(1237, '2021-09-23 16:00:00', '2021-09-23 16:30:00', 199, 23, NULL, NULL),
(1238, '2021-09-23 16:30:00', '2021-09-23 17:00:00', 199, 23, NULL, NULL),
(1239, '2021-09-28 11:00:00', '2021-09-28 11:30:00', 200, 23, 12, 6),
(1240, '2021-09-28 11:30:00', '2021-09-28 12:00:00', 200, 23, NULL, NULL),
(1241, '2021-09-28 12:00:00', '2021-09-28 12:30:00', 200, 23, NULL, NULL),
(1242, '2021-09-28 12:30:00', '2021-09-28 13:00:00', 200, 23, NULL, NULL),
(1243, '2021-09-28 13:00:00', '2021-09-28 13:30:00', 200, 23, NULL, NULL),
(1244, '2021-09-28 13:30:00', '2021-09-28 14:00:00', 200, 23, NULL, NULL),
(1245, '2021-09-28 14:00:00', '2021-09-28 14:30:00', 200, 23, NULL, NULL),
(1246, '2021-09-28 14:30:00', '2021-09-28 15:00:00', 200, 23, NULL, NULL),
(1247, '2021-09-28 15:00:00', '2021-09-28 15:30:00', 200, 23, NULL, NULL),
(1248, '2021-09-28 15:30:00', '2021-09-28 16:00:00', 200, 23, NULL, NULL),
(1249, '2021-09-28 16:00:00', '2021-09-28 16:30:00', 200, 23, NULL, NULL),
(1250, '2021-09-28 16:30:00', '2021-09-28 17:00:00', 200, 23, NULL, NULL),
(1251, '2021-09-28 17:00:00', '2021-09-28 17:30:00', 200, 23, 11, 15),
(1252, '2021-09-29 08:00:00', '2021-09-29 08:30:00', 201, 23, NULL, NULL),
(1253, '2021-09-29 08:30:00', '2021-09-29 09:00:00', 201, 23, NULL, NULL),
(1254, '2021-09-29 09:00:00', '2021-09-29 09:30:00', 201, 23, NULL, NULL),
(1255, '2021-09-29 09:30:00', '2021-09-29 10:00:00', 201, 23, NULL, NULL),
(1256, '2021-09-29 10:00:00', '2021-09-29 10:30:00', 201, 23, NULL, NULL),
(1257, '2021-09-29 10:30:00', '2021-09-29 11:00:00', 201, 23, NULL, NULL),
(1258, '2021-09-29 11:00:00', '2021-09-29 11:30:00', 201, 23, NULL, NULL),
(1259, '2021-09-29 11:30:00', '2021-09-29 12:00:00', 201, 23, NULL, NULL),
(1260, '2021-09-29 12:00:00', '2021-09-29 12:30:00', 201, 23, NULL, NULL),
(1261, '2021-09-29 12:30:00', '2021-09-29 13:00:00', 201, 23, NULL, NULL),
(1262, '2021-09-29 13:00:00', '2021-09-29 13:30:00', 201, 23, NULL, NULL),
(1263, '2021-09-29 13:30:00', '2021-09-29 14:00:00', 201, 23, NULL, NULL),
(1264, '2021-09-30 17:30:00', '2021-09-30 18:00:00', 202, 23, NULL, NULL),
(1265, '2021-09-30 18:00:00', '2021-09-30 18:30:00', 202, 23, NULL, NULL),
(1266, '2021-09-30 18:30:00', '2021-09-30 19:00:00', 202, 23, NULL, NULL),
(1267, '2021-09-30 19:00:00', '2021-09-30 19:30:00', 202, 23, NULL, NULL),
(1268, '2021-09-30 19:30:00', '2021-09-30 20:00:00', 202, 23, NULL, NULL),
(1269, '2021-09-17 08:30:00', '2021-09-17 09:00:00', 203, 24, NULL, NULL),
(1270, '2021-09-17 09:00:00', '2021-09-17 09:30:00', 203, 24, NULL, NULL),
(1271, '2021-09-17 09:30:00', '2021-09-17 10:00:00', 203, 24, NULL, NULL),
(1272, '2021-09-17 10:00:00', '2021-09-17 10:30:00', 203, 24, NULL, NULL),
(1273, '2021-09-17 10:30:00', '2021-09-17 11:00:00', 203, 24, 13, 5),
(1274, '2021-09-17 11:00:00', '2021-09-17 11:30:00', 203, 24, NULL, NULL),
(1275, '2021-09-20 09:00:00', '2021-09-20 09:30:00', 204, 24, NULL, NULL),
(1276, '2021-09-20 09:30:00', '2021-09-20 10:00:00', 204, 24, NULL, NULL),
(1277, '2021-09-20 10:00:00', '2021-09-20 10:30:00', 204, 24, NULL, NULL),
(1278, '2021-09-20 10:30:00', '2021-09-20 11:00:00', 204, 24, NULL, NULL),
(1279, '2021-09-20 11:00:00', '2021-09-20 11:30:00', 204, 24, NULL, NULL),
(1280, '2021-09-20 11:30:00', '2021-09-20 12:00:00', 204, 24, NULL, NULL),
(1281, '2021-09-20 12:00:00', '2021-09-20 12:30:00', 204, 24, NULL, NULL),
(1282, '2021-09-20 12:30:00', '2021-09-20 13:00:00', 204, 24, NULL, NULL),
(1283, '2021-09-20 13:00:00', '2021-09-20 13:30:00', 204, 24, NULL, NULL),
(1284, '2021-09-20 13:30:00', '2021-09-20 14:00:00', 204, 24, NULL, NULL),
(1285, '2021-09-20 14:00:00', '2021-09-20 14:30:00', 204, 24, NULL, NULL),
(1286, '2021-09-20 14:30:00', '2021-09-20 15:00:00', 204, 24, NULL, NULL),
(1287, '2021-09-20 15:00:00', '2021-09-20 15:30:00', 204, 24, NULL, NULL),
(1288, '2021-09-20 15:30:00', '2021-09-20 16:00:00', 204, 24, NULL, NULL),
(1289, '2021-09-21 14:00:00', '2021-09-21 14:30:00', 205, 24, NULL, NULL),
(1290, '2021-09-21 14:30:00', '2021-09-21 15:00:00', 205, 24, 13, 1),
(1291, '2021-09-21 15:00:00', '2021-09-21 15:30:00', 205, 24, NULL, NULL),
(1292, '2021-09-21 15:30:00', '2021-09-21 16:00:00', 205, 24, NULL, NULL),
(1293, '2021-09-21 16:00:00', '2021-09-21 16:30:00', 205, 24, NULL, NULL),
(1294, '2021-09-21 16:30:00', '2021-09-21 17:00:00', 205, 24, NULL, NULL),
(1295, '2021-09-23 08:00:00', '2021-09-23 08:30:00', 206, 24, NULL, NULL),
(1296, '2021-09-23 08:30:00', '2021-09-23 09:00:00', 206, 24, NULL, NULL),
(1297, '2021-09-23 09:00:00', '2021-09-23 09:30:00', 206, 24, 13, 8),
(1298, '2021-09-23 09:30:00', '2021-09-23 10:00:00', 206, 24, NULL, NULL),
(1299, '2021-09-23 10:00:00', '2021-09-23 10:30:00', 206, 24, NULL, NULL),
(1300, '2021-09-23 10:30:00', '2021-09-23 11:00:00', 206, 24, NULL, NULL),
(1301, '2021-09-23 11:00:00', '2021-09-23 11:30:00', 206, 24, NULL, NULL),
(1302, '2021-09-23 11:30:00', '2021-09-23 12:00:00', 206, 24, NULL, NULL),
(1303, '2021-09-23 12:00:00', '2021-09-23 12:30:00', 206, 24, NULL, NULL),
(1304, '2021-09-28 08:30:00', '2021-09-28 09:00:00', 207, 24, NULL, NULL),
(1305, '2021-09-28 09:00:00', '2021-09-28 09:30:00', 207, 24, NULL, NULL),
(1306, '2021-09-28 09:30:00', '2021-09-28 10:00:00', 207, 24, NULL, NULL),
(1307, '2021-09-28 10:00:00', '2021-09-28 10:30:00', 207, 24, 13, 1),
(1308, '2021-09-28 10:30:00', '2021-09-28 11:00:00', 207, 24, NULL, NULL),
(1309, '2021-09-28 11:00:00', '2021-09-28 11:30:00', 207, 24, NULL, NULL),
(1310, '2021-09-28 11:30:00', '2021-09-28 12:00:00', 207, 24, NULL, NULL),
(1311, '2021-09-29 10:30:00', '2021-09-29 11:00:00', 208, 24, NULL, NULL),
(1312, '2021-09-29 11:00:00', '2021-09-29 11:30:00', 208, 24, NULL, NULL),
(1313, '2021-09-29 11:30:00', '2021-09-29 12:00:00', 208, 24, NULL, NULL),
(1314, '2021-09-29 12:00:00', '2021-09-29 12:30:00', 208, 24, NULL, NULL),
(1315, '2021-09-29 12:30:00', '2021-09-29 13:00:00', 208, 24, NULL, NULL),
(1316, '2021-09-29 13:00:00', '2021-09-29 13:30:00', 208, 24, NULL, NULL),
(1317, '2021-09-29 13:30:00', '2021-09-29 14:00:00', 208, 24, NULL, NULL),
(1318, '2021-09-29 14:00:00', '2021-09-29 14:30:00', 208, 24, 13, 10),
(1319, '2021-09-06 09:00:00', '2021-09-06 09:30:00', 209, 25, NULL, NULL),
(1320, '2021-09-06 09:30:00', '2021-09-06 10:00:00', 209, 25, NULL, NULL),
(1321, '2021-09-06 10:00:00', '2021-09-06 10:30:00', 209, 25, NULL, NULL),
(1322, '2021-09-08 11:30:00', '2021-09-08 12:00:00', 210, 25, 13, 17),
(1323, '2021-09-08 12:00:00', '2021-09-08 12:30:00', 210, 25, NULL, NULL),
(1324, '2021-09-08 12:30:00', '2021-09-08 13:00:00', 210, 25, NULL, NULL),
(1325, '2021-09-17 10:00:00', '2021-09-17 10:30:00', 211, 25, NULL, NULL),
(1326, '2021-09-17 10:30:00', '2021-09-17 11:00:00', 211, 25, NULL, NULL),
(1327, '2021-09-17 11:00:00', '2021-09-17 11:30:00', 211, 25, 13, 3),
(1328, '2021-09-17 11:30:00', '2021-09-17 12:00:00', 211, 25, NULL, NULL),
(1329, '2021-09-21 10:00:00', '2021-09-21 10:30:00', 212, 25, NULL, NULL),
(1330, '2021-09-21 10:30:00', '2021-09-21 11:00:00', 212, 25, NULL, NULL),
(1331, '2021-09-21 11:00:00', '2021-09-21 11:30:00', 212, 25, NULL, NULL),
(1332, '2021-09-21 11:30:00', '2021-09-21 12:00:00', 212, 25, NULL, NULL),
(1333, '2021-09-21 12:00:00', '2021-09-21 12:30:00', 212, 25, NULL, NULL),
(1334, '2021-09-21 12:30:00', '2021-09-21 13:00:00', 212, 25, NULL, NULL),
(1335, '2021-09-22 12:30:00', '2021-09-22 13:00:00', 213, 25, NULL, NULL),
(1336, '2021-09-22 13:00:00', '2021-09-22 13:30:00', 213, 25, NULL, NULL),
(1337, '2021-09-22 13:30:00', '2021-09-22 14:00:00', 213, 25, NULL, NULL),
(1338, '2021-09-22 14:00:00', '2021-09-22 14:30:00', 213, 25, NULL, NULL),
(1339, '2021-09-22 14:30:00', '2021-09-22 15:00:00', 213, 25, NULL, NULL),
(1340, '2021-09-22 15:00:00', '2021-09-22 15:30:00', 213, 25, NULL, NULL),
(1341, '2021-09-22 15:30:00', '2021-09-22 16:00:00', 213, 25, NULL, NULL),
(1342, '2021-09-24 10:30:00', '2021-09-24 11:00:00', 214, 25, NULL, NULL),
(1343, '2021-09-24 11:00:00', '2021-09-24 11:30:00', 214, 25, NULL, NULL),
(1344, '2021-09-24 11:30:00', '2021-09-24 12:00:00', 214, 25, NULL, NULL),
(1345, '2021-09-24 12:00:00', '2021-09-24 12:30:00', 214, 25, NULL, NULL),
(1346, '2021-09-30 12:00:00', '2021-09-30 12:30:00', 215, 25, NULL, NULL),
(1347, '2021-09-30 12:30:00', '2021-09-30 13:00:00', 215, 25, NULL, NULL),
(1348, '2021-09-30 13:00:00', '2021-09-30 13:30:00', 215, 25, NULL, NULL),
(1349, '2021-09-30 13:30:00', '2021-09-30 14:00:00', 215, 25, NULL, NULL),
(1350, '2021-09-30 14:00:00', '2021-09-30 14:30:00', 215, 25, NULL, NULL),
(1351, '2021-09-28 11:00:00', '2021-09-28 11:30:00', 216, 25, NULL, NULL),
(1352, '2021-09-28 11:30:00', '2021-09-28 12:00:00', 216, 25, NULL, NULL),
(1353, '2021-09-28 12:00:00', '2021-09-28 12:30:00', 216, 25, 13, 13),
(1354, '2021-09-28 12:30:00', '2021-09-28 13:00:00', 216, 25, NULL, NULL),
(1355, '2021-09-28 13:00:00', '2021-09-28 13:30:00', 216, 25, NULL, NULL),
(1356, '2021-09-20 08:30:00', '2021-09-20 09:00:00', 217, 26, NULL, NULL),
(1357, '2021-09-20 09:00:00', '2021-09-20 09:30:00', 217, 26, NULL, NULL),
(1358, '2021-09-20 09:30:00', '2021-09-20 10:00:00', 217, 26, NULL, NULL),
(1359, '2021-09-20 10:00:00', '2021-09-20 10:30:00', 217, 26, NULL, NULL),
(1360, '2021-09-21 11:00:00', '2021-09-21 11:30:00', 218, 26, NULL, NULL),
(1361, '2021-09-21 11:30:00', '2021-09-21 12:00:00', 218, 26, NULL, NULL),
(1362, '2021-09-21 12:00:00', '2021-09-21 12:30:00', 218, 26, NULL, NULL),
(1363, '2021-09-21 12:30:00', '2021-09-21 13:00:00', 218, 26, NULL, NULL),
(1364, '2021-09-21 13:00:00', '2021-09-21 13:30:00', 218, 26, 15, 6),
(1365, '2021-09-21 13:30:00', '2021-09-21 14:00:00', 218, 26, NULL, NULL),
(1366, '2021-09-21 14:00:00', '2021-09-21 14:30:00', 218, 26, NULL, NULL),
(1367, '2021-09-23 11:00:00', '2021-09-23 11:30:00', 219, 26, NULL, NULL),
(1368, '2021-09-23 11:30:00', '2021-09-23 12:00:00', 219, 26, NULL, NULL),
(1369, '2021-09-23 12:00:00', '2021-09-23 12:30:00', 219, 26, NULL, NULL),
(1370, '2021-09-28 08:00:00', '2021-09-28 08:30:00', 220, 26, NULL, NULL),
(1371, '2021-09-28 08:30:00', '2021-09-28 09:00:00', 220, 26, NULL, NULL),
(1372, '2021-09-28 09:00:00', '2021-09-28 09:30:00', 220, 26, NULL, NULL),
(1373, '2021-09-28 09:30:00', '2021-09-28 10:00:00', 220, 26, NULL, NULL),
(1374, '2021-09-28 10:00:00', '2021-09-28 10:30:00', 220, 26, 14, 7),
(1375, '2021-09-29 10:00:00', '2021-09-29 10:30:00', 221, 26, NULL, NULL),
(1376, '2021-09-29 10:30:00', '2021-09-29 11:00:00', 221, 26, NULL, NULL),
(1377, '2021-09-29 11:00:00', '2021-09-29 11:30:00', 221, 26, 16, 12),
(1378, '2021-09-29 11:30:00', '2021-09-29 12:00:00', 221, 26, NULL, NULL),
(1379, '2021-09-29 12:00:00', '2021-09-29 12:30:00', 221, 26, NULL, NULL),
(1380, '2021-09-29 12:30:00', '2021-09-29 13:00:00', 221, 26, NULL, NULL),
(1381, '2021-09-29 13:00:00', '2021-09-29 13:30:00', 221, 26, NULL, NULL),
(1382, '2021-08-30 08:30:00', '2021-08-30 09:00:00', 222, 26, NULL, NULL),
(1383, '2021-08-30 09:00:00', '2021-08-30 09:30:00', 222, 26, NULL, NULL),
(1384, '2021-08-30 09:30:00', '2021-08-30 10:00:00', 222, 26, 16, 16),
(1385, '2021-08-30 10:00:00', '2021-08-30 10:30:00', 222, 26, NULL, NULL),
(1386, '2021-09-15 09:00:00', '2021-09-15 09:30:00', 223, 26, NULL, NULL),
(1387, '2021-09-15 09:30:00', '2021-09-15 10:00:00', 223, 26, NULL, NULL),
(1388, '2021-09-15 10:00:00', '2021-09-15 10:30:00', 223, 26, NULL, NULL),
(1389, '2021-09-15 10:30:00', '2021-09-15 11:00:00', 223, 26, NULL, NULL),
(1390, '2021-09-15 11:00:00', '2021-09-15 11:30:00', 223, 26, NULL, NULL),
(1391, '2021-09-16 08:30:00', '2021-09-16 09:00:00', 224, 27, NULL, NULL),
(1392, '2021-09-16 09:00:00', '2021-09-16 09:30:00', 224, 27, NULL, NULL),
(1393, '2021-09-16 09:30:00', '2021-09-16 10:00:00', 224, 27, 18, 4),
(1394, '2021-09-16 10:00:00', '2021-09-16 10:30:00', 224, 27, NULL, NULL),
(1395, '2021-09-16 10:30:00', '2021-09-16 11:00:00', 224, 27, NULL, NULL),
(1396, '2021-09-16 11:00:00', '2021-09-16 11:30:00', 224, 27, NULL, NULL),
(1397, '2021-09-16 11:30:00', '2021-09-16 12:00:00', 224, 27, NULL, NULL),
(1398, '2021-09-17 12:00:00', '2021-09-17 12:30:00', 225, 27, NULL, NULL),
(1399, '2021-09-17 12:30:00', '2021-09-17 13:00:00', 225, 27, NULL, NULL),
(1400, '2021-09-17 13:00:00', '2021-09-17 13:30:00', 225, 27, NULL, NULL),
(1401, '2021-09-20 13:00:00', '2021-09-20 13:30:00', 226, 27, NULL, NULL),
(1402, '2021-09-20 13:30:00', '2021-09-20 14:00:00', 226, 27, NULL, NULL),
(1403, '2021-09-20 14:00:00', '2021-09-20 14:30:00', 226, 27, NULL, NULL),
(1404, '2021-09-20 14:30:00', '2021-09-20 15:00:00', 226, 27, NULL, NULL),
(1405, '2021-09-20 15:00:00', '2021-09-20 15:30:00', 226, 27, NULL, NULL),
(1406, '2021-09-22 10:00:00', '2021-09-22 10:30:00', 227, 27, NULL, NULL),
(1407, '2021-09-22 10:30:00', '2021-09-22 11:00:00', 227, 27, NULL, NULL),
(1408, '2021-09-22 11:00:00', '2021-09-22 11:30:00', 227, 27, 19, 12),
(1409, '2021-09-22 11:30:00', '2021-09-22 12:00:00', 227, 27, NULL, NULL),
(1410, '2021-09-22 12:00:00', '2021-09-22 12:30:00', 227, 27, NULL, NULL),
(1411, '2021-09-24 08:00:00', '2021-09-24 08:30:00', 228, 27, NULL, NULL),
(1412, '2021-09-24 08:30:00', '2021-09-24 09:00:00', 228, 27, NULL, NULL),
(1413, '2021-09-24 09:00:00', '2021-09-24 09:30:00', 228, 27, NULL, NULL),
(1414, '2021-09-24 09:30:00', '2021-09-24 10:00:00', 228, 27, 18, 9),
(1415, '2021-09-24 10:00:00', '2021-09-24 10:30:00', 228, 27, NULL, NULL),
(1416, '2021-09-24 10:30:00', '2021-09-24 11:00:00', 228, 27, NULL, NULL),
(1417, '2021-09-24 11:00:00', '2021-09-24 11:30:00', 228, 27, NULL, NULL),
(1418, '2021-09-24 11:30:00', '2021-09-24 12:00:00', 228, 27, NULL, NULL),
(1419, '2021-09-28 08:30:00', '2021-09-28 09:00:00', 229, 27, NULL, NULL),
(1420, '2021-09-28 09:00:00', '2021-09-28 09:30:00', 229, 27, NULL, NULL),
(1421, '2021-09-28 09:30:00', '2021-09-28 10:00:00', 229, 27, NULL, NULL),
(1422, '2021-09-28 10:00:00', '2021-09-28 10:30:00', 229, 27, NULL, NULL),
(1423, '2021-09-28 10:30:00', '2021-09-28 11:00:00', 229, 27, 19, 2),
(1424, '2021-10-01 09:30:00', '2021-10-01 10:00:00', 230, 27, NULL, NULL),
(1425, '2021-10-01 10:00:00', '2021-10-01 10:30:00', 230, 27, NULL, NULL),
(1426, '2021-10-01 10:30:00', '2021-10-01 11:00:00', 230, 27, NULL, NULL),
(1427, '2021-10-01 11:00:00', '2021-10-01 11:30:00', 230, 27, NULL, NULL),
(1428, '2021-10-01 11:30:00', '2021-10-01 12:00:00', 230, 27, NULL, NULL),
(1429, '2021-10-01 12:00:00', '2021-10-01 12:30:00', 230, 27, NULL, NULL),
(1430, '2021-10-01 12:30:00', '2021-10-01 13:00:00', 230, 27, NULL, NULL),
(1431, '2021-09-13 08:30:00', '2021-09-13 09:00:00', 231, 28, NULL, NULL),
(1432, '2021-09-13 09:00:00', '2021-09-13 09:30:00', 231, 28, NULL, NULL),
(1433, '2021-09-13 09:30:00', '2021-09-13 10:00:00', 231, 28, NULL, NULL),
(1434, '2021-09-13 10:00:00', '2021-09-13 10:30:00', 231, 28, NULL, NULL),
(1435, '2021-09-16 08:30:00', '2021-09-16 09:00:00', 232, 28, NULL, NULL),
(1436, '2021-09-16 09:00:00', '2021-09-16 09:30:00', 232, 28, 22, 18),
(1437, '2021-09-16 09:30:00', '2021-09-16 10:00:00', 232, 28, NULL, NULL),
(1438, '2021-09-16 10:00:00', '2021-09-16 10:30:00', 232, 28, NULL, NULL),
(1439, '2021-09-16 10:30:00', '2021-09-16 11:00:00', 232, 28, NULL, NULL),
(1440, '2021-09-16 11:00:00', '2021-09-16 11:30:00', 232, 28, 21, 16),
(1441, '2021-09-21 08:30:00', '2021-09-21 09:00:00', 233, 28, NULL, NULL),
(1442, '2021-09-21 09:00:00', '2021-09-21 09:30:00', 233, 28, NULL, NULL),
(1443, '2021-09-21 09:30:00', '2021-09-21 10:00:00', 233, 28, NULL, NULL),
(1444, '2021-09-21 10:00:00', '2021-09-21 10:30:00', 233, 28, NULL, NULL),
(1445, '2021-09-23 09:30:00', '2021-09-23 10:00:00', 234, 28, NULL, NULL),
(1446, '2021-09-23 10:00:00', '2021-09-23 10:30:00', 234, 28, NULL, NULL),
(1447, '2021-09-23 10:30:00', '2021-09-23 11:00:00', 234, 28, NULL, NULL),
(1448, '2021-09-23 11:00:00', '2021-09-23 11:30:00', 234, 28, NULL, NULL),
(1449, '2021-09-23 11:30:00', '2021-09-23 12:00:00', 234, 28, NULL, NULL),
(1450, '2021-09-23 12:00:00', '2021-09-23 12:30:00', 234, 28, NULL, NULL),
(1451, '2021-09-23 12:30:00', '2021-09-23 13:00:00', 234, 28, NULL, NULL),
(1452, '2021-09-28 10:30:00', '2021-09-28 11:00:00', 235, 28, NULL, NULL),
(1453, '2021-09-28 11:00:00', '2021-09-28 11:30:00', 235, 28, NULL, NULL),
(1454, '2021-09-28 11:30:00', '2021-09-28 12:00:00', 235, 28, NULL, NULL),
(1455, '2021-09-28 12:00:00', '2021-09-28 12:30:00', 235, 28, NULL, NULL),
(1456, '2021-09-28 12:30:00', '2021-09-28 13:00:00', 235, 28, NULL, NULL),
(1457, '2021-09-28 13:00:00', '2021-09-28 13:30:00', 235, 28, NULL, NULL),
(1458, '2021-09-28 13:30:00', '2021-09-28 14:00:00', 235, 28, NULL, NULL),
(1459, '2021-09-28 14:00:00', '2021-09-28 14:30:00', 235, 28, NULL, NULL),
(1460, '2021-09-28 14:30:00', '2021-09-28 15:00:00', 235, 28, NULL, NULL),
(1461, '2021-09-28 15:00:00', '2021-09-28 15:30:00', 235, 28, NULL, NULL),
(1462, '2021-09-28 15:30:00', '2021-09-28 16:00:00', 235, 28, NULL, NULL),
(1463, '2021-09-30 09:30:00', '2021-09-30 10:00:00', 236, 28, NULL, NULL),
(1464, '2021-09-30 10:00:00', '2021-09-30 10:30:00', 236, 28, NULL, NULL),
(1465, '2021-09-30 10:30:00', '2021-09-30 11:00:00', 236, 28, NULL, NULL),
(1466, '2021-09-30 11:00:00', '2021-09-30 11:30:00', 236, 28, 20, 3),
(1467, '2021-10-01 10:00:00', '2021-10-01 10:30:00', 237, 28, NULL, NULL),
(1468, '2021-10-01 10:30:00', '2021-10-01 11:00:00', 237, 28, NULL, NULL),
(1469, '2021-10-01 11:00:00', '2021-10-01 11:30:00', 237, 28, NULL, NULL),
(1470, '2021-10-01 11:30:00', '2021-10-01 12:00:00', 237, 28, NULL, NULL),
(1471, '2021-10-01 12:00:00', '2021-10-01 12:30:00', 237, 28, NULL, NULL),
(1472, '2021-10-01 12:30:00', '2021-10-01 13:00:00', 237, 28, NULL, NULL),
(1473, '2021-10-01 13:00:00', '2021-10-01 13:30:00', 237, 28, NULL, NULL),
(1474, '2021-10-01 13:30:00', '2021-10-01 14:00:00', 237, 28, NULL, NULL),
(1475, '2021-09-16 08:00:00', '2021-09-16 08:30:00', 238, 29, NULL, NULL),
(1476, '2021-09-16 08:30:00', '2021-09-16 09:00:00', 238, 29, NULL, NULL),
(1477, '2021-09-16 09:00:00', '2021-09-16 09:30:00', 238, 29, 24, 10),
(1478, '2021-09-16 09:30:00', '2021-09-16 10:00:00', 238, 29, NULL, NULL),
(1479, '2021-09-16 10:00:00', '2021-09-16 10:30:00', 238, 29, NULL, NULL),
(1480, '2021-09-16 10:30:00', '2021-09-16 11:00:00', 238, 29, NULL, NULL),
(1481, '2021-09-17 08:00:00', '2021-09-17 08:30:00', 239, 29, NULL, NULL),
(1482, '2021-09-17 08:30:00', '2021-09-17 09:00:00', 239, 29, NULL, NULL),
(1483, '2021-09-17 09:00:00', '2021-09-17 09:30:00', 239, 29, NULL, NULL),
(1484, '2021-09-17 09:30:00', '2021-09-17 10:00:00', 239, 29, NULL, NULL),
(1485, '2021-09-17 10:00:00', '2021-09-17 10:30:00', 239, 29, NULL, NULL),
(1486, '2021-09-17 10:30:00', '2021-09-17 11:00:00', 239, 29, NULL, NULL),
(1487, '2021-09-07 08:00:00', '2021-09-07 08:30:00', 240, 29, 23, 9),
(1488, '2021-09-07 08:30:00', '2021-09-07 09:00:00', 240, 29, NULL, NULL),
(1489, '2021-09-07 09:00:00', '2021-09-07 09:30:00', 240, 29, NULL, NULL),
(1490, '2021-09-09 08:00:00', '2021-09-09 08:30:00', 241, 29, NULL, NULL),
(1491, '2021-09-09 08:30:00', '2021-09-09 09:00:00', 241, 29, NULL, NULL),
(1492, '2021-09-09 09:00:00', '2021-09-09 09:30:00', 241, 29, NULL, NULL),
(1493, '2021-09-21 08:00:00', '2021-09-21 08:30:00', 242, 29, NULL, NULL),
(1494, '2021-09-21 08:30:00', '2021-09-21 09:00:00', 242, 29, NULL, NULL),
(1495, '2021-09-21 09:00:00', '2021-09-21 09:30:00', 242, 29, NULL, NULL),
(1496, '2021-09-21 09:30:00', '2021-09-21 10:00:00', 242, 29, NULL, NULL),
(1497, '2021-09-24 08:00:00', '2021-09-24 08:30:00', 243, 29, NULL, NULL),
(1498, '2021-09-24 08:30:00', '2021-09-24 09:00:00', 243, 29, NULL, NULL),
(1499, '2021-09-24 09:00:00', '2021-09-24 09:30:00', 243, 29, NULL, NULL),
(1500, '2021-09-24 09:30:00', '2021-09-24 10:00:00', 243, 29, NULL, NULL),
(1501, '2021-09-30 08:00:00', '2021-09-30 08:30:00', 244, 29, 23, 15),
(1502, '2021-09-30 08:30:00', '2021-09-30 09:00:00', 244, 29, NULL, NULL),
(1503, '2021-09-30 09:00:00', '2021-09-30 09:30:00', 244, 29, NULL, NULL),
(1504, '2021-09-13 08:00:00', '2021-09-13 08:30:00', 245, 30, NULL, NULL),
(1505, '2021-09-13 08:30:00', '2021-09-13 09:00:00', 245, 30, 1, 12),
(1506, '2021-09-13 09:00:00', '2021-09-13 09:30:00', 245, 30, NULL, NULL),
(1507, '2021-09-06 10:30:00', '2021-09-06 11:00:00', 246, 30, NULL, NULL),
(1508, '2021-09-06 11:00:00', '2021-09-06 11:30:00', 246, 30, NULL, NULL),
(1509, '2021-09-06 11:30:00', '2021-09-06 12:00:00', 246, 30, NULL, NULL),
(1510, '2021-09-06 12:00:00', '2021-09-06 12:30:00', 246, 30, NULL, NULL),
(1511, '2021-09-06 12:30:00', '2021-09-06 13:00:00', 246, 30, NULL, NULL),
(1512, '2021-09-17 09:00:00', '2021-09-17 09:30:00', 247, 30, NULL, NULL),
(1513, '2021-09-17 09:30:00', '2021-09-17 10:00:00', 247, 30, NULL, NULL),
(1514, '2021-09-17 10:00:00', '2021-09-17 10:30:00', 247, 30, NULL, NULL),
(1515, '2021-09-17 10:30:00', '2021-09-17 11:00:00', 247, 30, NULL, NULL),
(1516, '2021-09-17 11:00:00', '2021-09-17 11:30:00', 247, 30, NULL, NULL),
(1517, '2021-09-17 11:30:00', '2021-09-17 12:00:00', 247, 30, NULL, NULL),
(1518, '2021-09-17 12:00:00', '2021-09-17 12:30:00', 247, 30, 1, 14),
(1519, '2021-09-17 12:30:00', '2021-09-17 13:00:00', 247, 30, NULL, NULL),
(1520, '2021-09-17 13:00:00', '2021-09-17 13:30:00', 247, 30, NULL, NULL),
(1521, '2021-09-17 13:30:00', '2021-09-17 14:00:00', 247, 30, NULL, NULL),
(1522, '2021-09-17 14:00:00', '2021-09-17 14:30:00', 247, 30, NULL, NULL),
(1523, '2021-09-22 09:30:00', '2021-09-22 10:00:00', 248, 30, 1, 8),
(1524, '2021-09-22 10:00:00', '2021-09-22 10:30:00', 248, 30, NULL, NULL),
(1525, '2021-09-22 10:30:00', '2021-09-22 11:00:00', 248, 30, NULL, NULL),
(1526, '2021-09-22 11:00:00', '2021-09-22 11:30:00', 248, 30, NULL, NULL),
(1527, '2021-09-22 11:30:00', '2021-09-22 12:00:00', 248, 30, NULL, NULL),
(1528, '2021-09-22 12:00:00', '2021-09-22 12:30:00', 248, 30, NULL, NULL),
(1529, '2021-09-22 12:30:00', '2021-09-22 13:00:00', 248, 30, NULL, NULL),
(1530, '2021-09-22 13:00:00', '2021-09-22 13:30:00', 248, 30, NULL, NULL),
(1531, '2021-09-24 11:30:00', '2021-09-24 12:00:00', 249, 30, NULL, NULL),
(1532, '2021-09-24 12:00:00', '2021-09-24 12:30:00', 249, 30, NULL, NULL),
(1533, '2021-09-24 12:30:00', '2021-09-24 13:00:00', 249, 30, NULL, NULL),
(1534, '2021-09-24 13:00:00', '2021-09-24 13:30:00', 249, 30, NULL, NULL),
(1535, '2021-09-24 13:30:00', '2021-09-24 14:00:00', 249, 30, NULL, NULL),
(1536, '2021-09-24 14:00:00', '2021-09-24 14:30:00', 249, 30, NULL, NULL),
(1537, '2021-09-24 14:30:00', '2021-09-24 15:00:00', 249, 30, NULL, NULL),
(1538, '2021-09-24 15:00:00', '2021-09-24 15:30:00', 249, 30, NULL, NULL),
(1539, '2021-09-24 15:30:00', '2021-09-24 16:00:00', 249, 30, NULL, NULL),
(1540, '2021-09-24 16:00:00', '2021-09-24 16:30:00', 249, 30, NULL, NULL),
(1541, '2021-09-24 16:30:00', '2021-09-24 17:00:00', 249, 30, NULL, NULL),
(1542, '2021-09-20 14:00:00', '2021-09-20 14:30:00', 250, 30, NULL, NULL),
(1543, '2021-09-20 14:30:00', '2021-09-20 15:00:00', 250, 30, NULL, NULL),
(1544, '2021-09-20 15:00:00', '2021-09-20 15:30:00', 250, 30, NULL, NULL),
(1545, '2021-09-27 09:00:00', '2021-09-27 09:30:00', 251, 30, NULL, NULL),
(1546, '2021-09-27 09:30:00', '2021-09-27 10:00:00', 251, 30, NULL, NULL),
(1547, '2021-09-27 10:00:00', '2021-09-27 10:30:00', 251, 30, NULL, NULL),
(1548, '2021-09-27 10:30:00', '2021-09-27 11:00:00', 251, 30, NULL, NULL),
(1549, '2021-09-27 11:00:00', '2021-09-27 11:30:00', 251, 30, NULL, NULL),
(1550, '2021-09-27 11:30:00', '2021-09-27 12:00:00', 251, 30, NULL, NULL),
(1551, '2021-09-30 16:30:00', '2021-09-30 17:00:00', 252, 30, NULL, NULL),
(1552, '2021-09-30 17:00:00', '2021-09-30 17:30:00', 252, 30, 1, 4),
(1553, '2021-09-30 17:30:00', '2021-09-30 18:00:00', 252, 30, NULL, NULL),
(1554, '2021-09-30 18:00:00', '2021-09-30 18:30:00', 252, 30, NULL, NULL),
(1555, '2021-09-29 13:30:00', '2021-09-29 14:00:00', 253, 30, NULL, NULL),
(1556, '2021-09-29 14:00:00', '2021-09-29 14:30:00', 253, 30, NULL, NULL),
(1557, '2021-09-29 14:30:00', '2021-09-29 15:00:00', 253, 30, NULL, NULL),
(1558, '2021-09-29 15:00:00', '2021-09-29 15:30:00', 253, 30, 1, 6),
(1559, '2021-10-06 13:30:00', '2021-10-06 14:00:00', 254, 30, NULL, NULL),
(1560, '2021-10-06 14:00:00', '2021-10-06 14:30:00', 254, 30, NULL, NULL),
(1561, '2021-10-06 14:30:00', '2021-10-06 15:00:00', 254, 30, NULL, NULL),
(1562, '2021-10-06 15:00:00', '2021-10-06 15:30:00', 254, 30, NULL, NULL),
(1563, '2021-09-17 09:30:00', '2021-09-17 10:00:00', 255, 31, NULL, NULL),
(1564, '2021-09-17 10:00:00', '2021-09-17 10:30:00', 255, 31, NULL, NULL),
(1565, '2021-09-17 10:30:00', '2021-09-17 11:00:00', 255, 31, NULL, NULL),
(1566, '2021-09-17 11:00:00', '2021-09-17 11:30:00', 255, 31, NULL, NULL),
(1567, '2021-09-17 11:30:00', '2021-09-17 12:00:00', 255, 31, NULL, NULL),
(1568, '2021-09-17 12:00:00', '2021-09-17 12:30:00', 255, 31, 3, 10),
(1569, '2021-09-17 12:30:00', '2021-09-17 13:00:00', 255, 31, NULL, NULL),
(1570, '2021-09-17 13:00:00', '2021-09-17 13:30:00', 255, 31, NULL, NULL),
(1571, '2021-09-17 13:30:00', '2021-09-17 14:00:00', 255, 31, 7, 11),
(1572, '2021-09-17 14:00:00', '2021-09-17 14:30:00', 255, 31, NULL, NULL);
INSERT INTO `visits` (`id`, `date_from`, `date_to`, `availability_id`, `doctor_id`, `service_id`, `patient_id`) VALUES
(1573, '2021-09-17 14:30:00', '2021-09-17 15:00:00', 255, 31, NULL, NULL),
(1574, '2021-09-17 15:00:00', '2021-09-17 15:30:00', 255, 31, NULL, NULL),
(1575, '2021-09-17 15:30:00', '2021-09-17 16:00:00', 255, 31, NULL, NULL),
(1576, '2021-09-15 08:30:00', '2021-09-15 09:00:00', 256, 31, NULL, NULL),
(1577, '2021-09-15 09:00:00', '2021-09-15 09:30:00', 256, 31, 6, 17),
(1578, '2021-09-15 09:30:00', '2021-09-15 10:00:00', 256, 31, NULL, NULL),
(1579, '2021-09-15 10:00:00', '2021-09-15 10:30:00', 256, 31, NULL, NULL),
(1580, '2021-09-13 09:00:00', '2021-09-13 09:30:00', 257, 31, NULL, NULL),
(1581, '2021-09-13 09:30:00', '2021-09-13 10:00:00', 257, 31, NULL, NULL),
(1582, '2021-09-13 10:00:00', '2021-09-13 10:30:00', 257, 31, NULL, NULL),
(1583, '2021-09-13 10:30:00', '2021-09-13 11:00:00', 257, 31, NULL, NULL),
(1584, '2021-09-20 13:00:00', '2021-09-20 13:30:00', 258, 31, NULL, NULL),
(1585, '2021-09-20 13:30:00', '2021-09-20 14:00:00', 258, 31, NULL, NULL),
(1586, '2021-09-20 14:00:00', '2021-09-20 14:30:00', 258, 31, NULL, NULL),
(1587, '2021-09-20 14:30:00', '2021-09-20 15:00:00', 258, 31, NULL, NULL),
(1588, '2021-09-20 15:00:00', '2021-09-20 15:30:00', 258, 31, NULL, NULL),
(1589, '2021-09-20 15:30:00', '2021-09-20 16:00:00', 258, 31, NULL, NULL),
(1590, '2021-09-20 16:00:00', '2021-09-20 16:30:00', 258, 31, NULL, NULL),
(1591, '2021-09-20 16:30:00', '2021-09-20 17:00:00', 258, 31, NULL, NULL),
(1592, '2021-09-22 09:30:00', '2021-09-22 10:00:00', 259, 31, NULL, NULL),
(1593, '2021-09-22 10:00:00', '2021-09-22 10:30:00', 259, 31, NULL, NULL),
(1594, '2021-09-22 10:30:00', '2021-09-22 11:00:00', 259, 31, NULL, NULL),
(1595, '2021-09-22 11:00:00', '2021-09-22 11:30:00', 259, 31, NULL, NULL),
(1596, '2021-09-24 12:30:00', '2021-09-24 13:00:00', 260, 31, NULL, NULL),
(1597, '2021-09-24 13:00:00', '2021-09-24 13:30:00', 260, 31, NULL, NULL),
(1598, '2021-09-24 13:30:00', '2021-09-24 14:00:00', 260, 31, 3, 5),
(1599, '2021-09-24 14:00:00', '2021-09-24 14:30:00', 260, 31, NULL, NULL),
(1600, '2021-09-24 14:30:00', '2021-09-24 15:00:00', 260, 31, NULL, NULL),
(1601, '2021-09-27 09:00:00', '2021-09-27 09:30:00', 261, 31, NULL, NULL),
(1602, '2021-09-27 09:30:00', '2021-09-27 10:00:00', 261, 31, NULL, NULL),
(1603, '2021-09-27 10:00:00', '2021-09-27 10:30:00', 261, 31, NULL, NULL),
(1604, '2021-09-27 10:30:00', '2021-09-27 11:00:00', 261, 31, NULL, NULL),
(1605, '2021-09-27 11:00:00', '2021-09-27 11:30:00', 261, 31, NULL, NULL),
(1606, '2021-09-27 11:30:00', '2021-09-27 12:00:00', 261, 31, NULL, NULL),
(1607, '2021-09-27 12:00:00', '2021-09-27 12:30:00', 261, 31, 5, 1),
(1608, '2021-09-30 12:00:00', '2021-09-30 12:30:00', 262, 31, NULL, NULL),
(1609, '2021-09-30 12:30:00', '2021-09-30 13:00:00', 262, 31, NULL, NULL),
(1610, '2021-09-30 13:00:00', '2021-09-30 13:30:00', 262, 31, NULL, NULL),
(1611, '2021-09-30 13:30:00', '2021-09-30 14:00:00', 262, 31, NULL, NULL),
(1612, '2021-09-30 14:00:00', '2021-09-30 14:30:00', 262, 31, 2, 6),
(1613, '2021-09-30 14:30:00', '2021-09-30 15:00:00', 262, 31, NULL, NULL),
(1614, '2021-09-30 15:00:00', '2021-09-30 15:30:00', 262, 31, NULL, NULL),
(1615, '2021-09-30 15:30:00', '2021-09-30 16:00:00', 262, 31, NULL, NULL),
(1616, '2021-09-30 16:00:00', '2021-09-30 16:30:00', 262, 31, NULL, NULL),
(1617, '2021-09-30 16:30:00', '2021-09-30 17:00:00', 262, 31, NULL, NULL),
(1618, '2021-09-30 17:00:00', '2021-09-30 17:30:00', 262, 31, NULL, NULL),
(1619, '2021-09-13 08:30:00', '2021-09-13 09:00:00', 263, 32, NULL, NULL),
(1620, '2021-09-13 09:00:00', '2021-09-13 09:30:00', 263, 32, NULL, NULL),
(1621, '2021-09-13 09:30:00', '2021-09-13 10:00:00', 263, 32, 13, 7),
(1622, '2021-09-13 10:00:00', '2021-09-13 10:30:00', 263, 32, NULL, NULL),
(1623, '2021-09-17 10:30:00', '2021-09-17 11:00:00', 264, 32, NULL, NULL),
(1624, '2021-09-17 11:00:00', '2021-09-17 11:30:00', 264, 32, NULL, NULL),
(1625, '2021-09-17 11:30:00', '2021-09-17 12:00:00', 264, 32, NULL, NULL),
(1626, '2021-09-17 12:00:00', '2021-09-17 12:30:00', 264, 32, NULL, NULL),
(1627, '2021-09-17 12:30:00', '2021-09-17 13:00:00', 264, 32, NULL, NULL),
(1628, '2021-09-17 13:00:00', '2021-09-17 13:30:00', 264, 32, NULL, NULL),
(1629, '2021-09-17 13:30:00', '2021-09-17 14:00:00', 264, 32, NULL, NULL),
(1630, '2021-09-17 14:00:00', '2021-09-17 14:30:00', 264, 32, NULL, NULL),
(1631, '2021-09-17 14:30:00', '2021-09-17 15:00:00', 264, 32, NULL, NULL),
(1632, '2021-09-17 15:00:00', '2021-09-17 15:30:00', 264, 32, NULL, NULL),
(1633, '2021-09-17 15:30:00', '2021-09-17 16:00:00', 264, 32, NULL, NULL),
(1634, '2021-09-16 09:00:00', '2021-09-16 09:30:00', 265, 32, NULL, NULL),
(1635, '2021-09-16 09:30:00', '2021-09-16 10:00:00', 265, 32, NULL, NULL),
(1636, '2021-09-16 10:00:00', '2021-09-16 10:30:00', 265, 32, NULL, NULL),
(1637, '2021-09-16 10:30:00', '2021-09-16 11:00:00', 265, 32, NULL, NULL),
(1638, '2021-09-21 10:00:00', '2021-09-21 10:30:00', 266, 32, NULL, NULL),
(1639, '2021-09-21 10:30:00', '2021-09-21 11:00:00', 266, 32, NULL, NULL),
(1640, '2021-09-21 11:00:00', '2021-09-21 11:30:00', 266, 32, NULL, NULL),
(1641, '2021-09-21 11:30:00', '2021-09-21 12:00:00', 266, 32, NULL, NULL),
(1642, '2021-09-21 12:00:00', '2021-09-21 12:30:00', 266, 32, 13, 4),
(1643, '2021-09-21 12:30:00', '2021-09-21 13:00:00', 266, 32, NULL, NULL),
(1644, '2021-09-21 13:00:00', '2021-09-21 13:30:00', 266, 32, NULL, NULL),
(1645, '2021-09-21 13:30:00', '2021-09-21 14:00:00', 266, 32, NULL, NULL),
(1646, '2021-09-21 14:00:00', '2021-09-21 14:30:00', 266, 32, NULL, NULL),
(1647, '2021-09-21 14:30:00', '2021-09-21 15:00:00', 266, 32, NULL, NULL),
(1648, '2021-09-23 08:00:00', '2021-09-23 08:30:00', 267, 32, NULL, NULL),
(1649, '2021-09-23 08:30:00', '2021-09-23 09:00:00', 267, 32, NULL, NULL),
(1650, '2021-09-23 09:00:00', '2021-09-23 09:30:00', 267, 32, NULL, NULL),
(1651, '2021-09-23 09:30:00', '2021-09-23 10:00:00', 267, 32, NULL, NULL),
(1652, '2021-10-01 08:00:00', '2021-10-01 08:30:00', 268, 32, 13, 6),
(1653, '2021-10-01 08:30:00', '2021-10-01 09:00:00', 268, 32, NULL, NULL),
(1654, '2021-10-01 09:00:00', '2021-10-01 09:30:00', 268, 32, NULL, NULL),
(1655, '2021-10-01 09:30:00', '2021-10-01 10:00:00', 268, 32, NULL, NULL),
(1656, '2021-09-29 10:00:00', '2021-09-29 10:30:00', 269, 32, NULL, NULL),
(1657, '2021-09-29 10:30:00', '2021-09-29 11:00:00', 269, 32, NULL, NULL),
(1658, '2021-09-29 11:00:00', '2021-09-29 11:30:00', 269, 32, 13, 18),
(1659, '2021-09-30 12:30:00', '2021-09-30 13:00:00', 270, 32, NULL, NULL),
(1660, '2021-09-30 13:00:00', '2021-09-30 13:30:00', 270, 32, NULL, NULL),
(1661, '2021-09-30 13:30:00', '2021-09-30 14:00:00', 270, 32, NULL, NULL),
(1662, '2021-09-30 14:00:00', '2021-09-30 14:30:00', 270, 32, NULL, NULL),
(1663, '2021-09-07 08:30:00', '2021-09-07 09:00:00', 271, 33, NULL, NULL),
(1664, '2021-09-07 09:00:00', '2021-09-07 09:30:00', 271, 33, NULL, NULL),
(1665, '2021-09-07 09:30:00', '2021-09-07 10:00:00', 271, 33, NULL, NULL),
(1666, '2021-09-07 10:00:00', '2021-09-07 10:30:00', 271, 33, NULL, NULL),
(1667, '2021-09-08 10:30:00', '2021-09-08 11:00:00', 272, 33, 14, 12),
(1668, '2021-09-17 08:30:00', '2021-09-17 09:00:00', 273, 33, NULL, NULL),
(1669, '2021-09-17 09:00:00', '2021-09-17 09:30:00', 273, 33, NULL, NULL),
(1670, '2021-09-17 09:30:00', '2021-09-17 10:00:00', 273, 33, NULL, NULL),
(1671, '2021-09-17 10:00:00', '2021-09-17 10:30:00', 273, 33, NULL, NULL),
(1672, '2021-09-17 10:30:00', '2021-09-17 11:00:00', 273, 33, NULL, NULL),
(1673, '2021-09-17 11:00:00', '2021-09-17 11:30:00', 273, 33, NULL, NULL),
(1674, '2021-09-17 11:30:00', '2021-09-17 12:00:00', 273, 33, NULL, NULL),
(1675, '2021-09-17 12:00:00', '2021-09-17 12:30:00', 273, 33, NULL, NULL),
(1676, '2021-09-16 12:30:00', '2021-09-16 13:00:00', 274, 33, NULL, NULL),
(1677, '2021-09-16 13:00:00', '2021-09-16 13:30:00', 274, 33, NULL, NULL),
(1678, '2021-09-16 13:30:00', '2021-09-16 14:00:00', 274, 33, NULL, NULL),
(1679, '2021-09-16 14:00:00', '2021-09-16 14:30:00', 274, 33, NULL, NULL),
(1680, '2021-09-20 10:00:00', '2021-09-20 10:30:00', 275, 33, NULL, NULL),
(1681, '2021-09-20 10:30:00', '2021-09-20 11:00:00', 275, 33, NULL, NULL),
(1682, '2021-09-20 11:00:00', '2021-09-20 11:30:00', 275, 33, NULL, NULL),
(1683, '2021-09-20 11:30:00', '2021-09-20 12:00:00', 275, 33, NULL, NULL),
(1684, '2021-09-20 12:00:00', '2021-09-20 12:30:00', 275, 33, NULL, NULL),
(1685, '2021-09-20 12:30:00', '2021-09-20 13:00:00', 275, 33, NULL, NULL),
(1686, '2021-09-20 13:00:00', '2021-09-20 13:30:00', 275, 33, NULL, NULL),
(1687, '2021-09-20 13:30:00', '2021-09-20 14:00:00', 275, 33, NULL, NULL),
(1688, '2021-09-23 12:30:00', '2021-09-23 13:00:00', 276, 33, NULL, NULL),
(1689, '2021-09-23 13:00:00', '2021-09-23 13:30:00', 276, 33, NULL, NULL),
(1690, '2021-09-23 13:30:00', '2021-09-23 14:00:00', 276, 33, NULL, NULL),
(1691, '2021-09-23 14:00:00', '2021-09-23 14:30:00', 276, 33, NULL, NULL),
(1692, '2021-09-23 14:30:00', '2021-09-23 15:00:00', 276, 33, NULL, NULL),
(1693, '2021-09-23 15:00:00', '2021-09-23 15:30:00', 276, 33, NULL, NULL),
(1694, '2021-09-23 15:30:00', '2021-09-23 16:00:00', 276, 33, NULL, NULL),
(1695, '2021-09-23 16:00:00', '2021-09-23 16:30:00', 276, 33, 15, 6),
(1696, '2021-09-23 16:30:00', '2021-09-23 17:00:00', 276, 33, NULL, NULL),
(1697, '2021-09-23 17:00:00', '2021-09-23 17:30:00', 276, 33, NULL, NULL),
(1698, '2021-09-23 17:30:00', '2021-09-23 18:00:00', 276, 33, NULL, NULL),
(1699, '2021-09-28 12:00:00', '2021-09-28 12:30:00', 277, 33, NULL, NULL),
(1700, '2021-09-28 12:30:00', '2021-09-28 13:00:00', 277, 33, NULL, NULL),
(1701, '2021-09-28 13:00:00', '2021-09-28 13:30:00', 277, 33, NULL, NULL),
(1702, '2021-09-28 13:30:00', '2021-09-28 14:00:00', 277, 33, 14, 8),
(1703, '2021-09-28 14:00:00', '2021-09-28 14:30:00', 277, 33, NULL, NULL),
(1704, '2021-09-28 14:30:00', '2021-09-28 15:00:00', 277, 33, NULL, NULL),
(1705, '2021-09-29 17:30:00', '2021-09-29 18:00:00', 278, 33, NULL, NULL),
(1706, '2021-09-29 18:00:00', '2021-09-29 18:30:00', 278, 33, 15, 11),
(1707, '2021-09-29 18:30:00', '2021-09-29 19:00:00', 278, 33, NULL, NULL),
(1708, '2021-09-29 19:00:00', '2021-09-29 19:30:00', 278, 33, NULL, NULL),
(1709, '2021-09-29 19:30:00', '2021-09-29 20:00:00', 278, 33, NULL, NULL),
(1710, '2021-09-29 20:00:00', '2021-09-29 20:30:00', 278, 33, NULL, NULL),
(1711, '2021-09-29 20:30:00', '2021-09-29 21:00:00', 278, 33, NULL, NULL),
(1712, '2021-10-01 13:30:00', '2021-10-01 14:00:00', 279, 33, NULL, NULL),
(1713, '2021-10-01 14:00:00', '2021-10-01 14:30:00', 279, 33, NULL, NULL),
(1714, '2021-10-01 14:30:00', '2021-10-01 15:00:00', 279, 33, NULL, NULL),
(1715, '2021-10-01 15:00:00', '2021-10-01 15:30:00', 279, 33, NULL, NULL),
(1716, '2021-09-13 08:00:00', '2021-09-13 08:30:00', 280, 34, NULL, NULL),
(1717, '2021-09-13 08:30:00', '2021-09-13 09:00:00', 280, 34, NULL, NULL),
(1718, '2021-09-13 09:00:00', '2021-09-13 09:30:00', 280, 34, NULL, NULL),
(1719, '2021-09-06 10:30:00', '2021-09-06 11:00:00', 281, 34, NULL, NULL),
(1720, '2021-09-06 11:00:00', '2021-09-06 11:30:00', 281, 34, 14, 11),
(1721, '2021-09-16 08:30:00', '2021-09-16 09:00:00', 282, 34, NULL, NULL),
(1722, '2021-09-16 09:00:00', '2021-09-16 09:30:00', 282, 34, NULL, NULL),
(1723, '2021-09-16 09:30:00', '2021-09-16 10:00:00', 282, 34, NULL, NULL),
(1724, '2021-09-16 10:00:00', '2021-09-16 10:30:00', 282, 34, NULL, NULL),
(1725, '2021-09-16 10:30:00', '2021-09-16 11:00:00', 282, 34, NULL, NULL),
(1726, '2021-09-16 11:00:00', '2021-09-16 11:30:00', 282, 34, 14, 4),
(1727, '2021-09-20 12:00:00', '2021-09-20 12:30:00', 283, 34, NULL, NULL),
(1728, '2021-09-20 12:30:00', '2021-09-20 13:00:00', 283, 34, NULL, NULL),
(1729, '2021-09-20 13:00:00', '2021-09-20 13:30:00', 283, 34, 16, 5),
(1730, '2021-09-20 13:30:00', '2021-09-20 14:00:00', 283, 34, NULL, NULL),
(1731, '2021-09-20 14:00:00', '2021-09-20 14:30:00', 283, 34, NULL, NULL),
(1732, '2021-09-20 14:30:00', '2021-09-20 15:00:00', 283, 34, NULL, NULL),
(1733, '2021-09-20 15:00:00', '2021-09-20 15:30:00', 283, 34, NULL, NULL),
(1734, '2021-09-22 09:00:00', '2021-09-22 09:30:00', 284, 34, NULL, NULL),
(1735, '2021-09-22 09:30:00', '2021-09-22 10:00:00', 284, 34, NULL, NULL),
(1736, '2021-09-22 10:00:00', '2021-09-22 10:30:00', 284, 34, NULL, NULL),
(1737, '2021-09-22 10:30:00', '2021-09-22 11:00:00', 284, 34, NULL, NULL),
(1738, '2021-09-22 11:00:00', '2021-09-22 11:30:00', 284, 34, 14, 6),
(1739, '2021-09-22 11:30:00', '2021-09-22 12:00:00', 284, 34, NULL, NULL),
(1740, '2021-09-24 13:30:00', '2021-09-24 14:00:00', 285, 34, NULL, NULL),
(1741, '2021-09-24 14:00:00', '2021-09-24 14:30:00', 285, 34, NULL, NULL),
(1742, '2021-09-24 14:30:00', '2021-09-24 15:00:00', 285, 34, NULL, NULL),
(1743, '2021-09-24 15:00:00', '2021-09-24 15:30:00', 285, 34, NULL, NULL),
(1744, '2021-09-24 15:30:00', '2021-09-24 16:00:00', 285, 34, NULL, NULL),
(1745, '2021-09-24 16:00:00', '2021-09-24 16:30:00', 285, 34, NULL, NULL),
(1746, '2021-09-24 16:30:00', '2021-09-24 17:00:00', 285, 34, NULL, NULL),
(1747, '2021-09-24 17:00:00', '2021-09-24 17:30:00', 285, 34, NULL, NULL),
(1748, '2021-09-30 10:00:00', '2021-09-30 10:30:00', 286, 34, 16, 12),
(1749, '2021-09-30 10:30:00', '2021-09-30 11:00:00', 286, 34, NULL, NULL),
(1750, '2021-09-30 11:00:00', '2021-09-30 11:30:00', 286, 34, NULL, NULL),
(1751, '2021-09-30 11:30:00', '2021-09-30 12:00:00', 286, 34, NULL, NULL),
(1752, '2021-09-30 12:00:00', '2021-09-30 12:30:00', 286, 34, NULL, NULL),
(1753, '2021-09-30 12:30:00', '2021-09-30 13:00:00', 286, 34, NULL, NULL),
(1754, '2021-08-31 10:00:00', '2021-08-31 10:30:00', 287, 35, NULL, NULL),
(1755, '2021-08-31 10:30:00', '2021-08-31 11:00:00', 287, 35, NULL, NULL),
(1756, '2021-09-03 09:00:00', '2021-09-03 09:30:00', 288, 35, 18, 8),
(1757, '2021-09-03 09:30:00', '2021-09-03 10:00:00', 288, 35, NULL, NULL),
(1758, '2021-09-17 08:30:00', '2021-09-17 09:00:00', 289, 35, NULL, NULL),
(1759, '2021-09-17 09:00:00', '2021-09-17 09:30:00', 289, 35, NULL, NULL),
(1760, '2021-09-17 09:30:00', '2021-09-17 10:00:00', 289, 35, NULL, NULL),
(1761, '2021-09-17 10:00:00', '2021-09-17 10:30:00', 289, 35, NULL, NULL),
(1762, '2021-09-17 10:30:00', '2021-09-17 11:00:00', 289, 35, NULL, NULL),
(1763, '2021-09-16 11:00:00', '2021-09-16 11:30:00', 290, 35, NULL, NULL),
(1764, '2021-09-16 11:30:00', '2021-09-16 12:00:00', 290, 35, NULL, NULL),
(1765, '2021-09-16 12:00:00', '2021-09-16 12:30:00', 290, 35, NULL, NULL),
(1766, '2021-09-20 08:30:00', '2021-09-20 09:00:00', 291, 35, NULL, NULL),
(1767, '2021-09-20 09:00:00', '2021-09-20 09:30:00', 291, 35, NULL, NULL),
(1768, '2021-09-20 09:30:00', '2021-09-20 10:00:00', 291, 35, NULL, NULL),
(1769, '2021-09-20 10:00:00', '2021-09-20 10:30:00', 291, 35, NULL, NULL),
(1770, '2021-09-20 10:30:00', '2021-09-20 11:00:00', 291, 35, NULL, NULL),
(1771, '2021-09-20 11:00:00', '2021-09-20 11:30:00', 291, 35, 19, 1),
(1772, '2021-09-20 11:30:00', '2021-09-20 12:00:00', 291, 35, NULL, NULL),
(1773, '2021-09-20 12:00:00', '2021-09-20 12:30:00', 291, 35, NULL, NULL),
(1774, '2021-09-20 12:30:00', '2021-09-20 13:00:00', 291, 35, NULL, NULL),
(1775, '2021-09-20 13:00:00', '2021-09-20 13:30:00', 291, 35, NULL, NULL),
(1776, '2021-09-20 13:30:00', '2021-09-20 14:00:00', 291, 35, NULL, NULL),
(1777, '2021-09-20 14:00:00', '2021-09-20 14:30:00', 291, 35, NULL, NULL),
(1778, '2021-09-23 12:00:00', '2021-09-23 12:30:00', 292, 35, NULL, NULL),
(1779, '2021-09-23 12:30:00', '2021-09-23 13:00:00', 292, 35, NULL, NULL),
(1780, '2021-09-23 13:00:00', '2021-09-23 13:30:00', 292, 35, NULL, NULL),
(1781, '2021-09-23 13:30:00', '2021-09-23 14:00:00', 292, 35, NULL, NULL),
(1782, '2021-09-23 14:00:00', '2021-09-23 14:30:00', 292, 35, NULL, NULL),
(1783, '2021-09-23 14:30:00', '2021-09-23 15:00:00', 292, 35, NULL, NULL),
(1784, '2021-09-23 15:00:00', '2021-09-23 15:30:00', 292, 35, NULL, NULL),
(1785, '2021-09-23 15:30:00', '2021-09-23 16:00:00', 292, 35, NULL, NULL),
(1786, '2021-09-23 16:00:00', '2021-09-23 16:30:00', 292, 35, 18, 15),
(1787, '2021-09-23 16:30:00', '2021-09-23 17:00:00', 292, 35, NULL, NULL),
(1788, '2021-09-23 17:00:00', '2021-09-23 17:30:00', 292, 35, NULL, NULL),
(1789, '2021-09-28 12:00:00', '2021-09-28 12:30:00', 293, 35, NULL, NULL),
(1790, '2021-09-28 12:30:00', '2021-09-28 13:00:00', 293, 35, NULL, NULL),
(1791, '2021-09-28 13:00:00', '2021-09-28 13:30:00', 293, 35, 19, 16),
(1792, '2021-09-28 13:30:00', '2021-09-28 14:00:00', 293, 35, NULL, NULL),
(1793, '2021-10-01 17:00:00', '2021-10-01 17:30:00', 294, 35, NULL, NULL),
(1794, '2021-10-01 17:30:00', '2021-10-01 18:00:00', 294, 35, NULL, NULL),
(1795, '2021-10-01 18:00:00', '2021-10-01 18:30:00', 294, 35, NULL, NULL),
(1796, '2021-10-01 18:30:00', '2021-10-01 19:00:00', 294, 35, NULL, NULL),
(1797, '2021-09-08 08:30:00', '2021-09-08 09:00:00', 295, 36, NULL, NULL),
(1798, '2021-09-07 10:30:00', '2021-09-07 11:00:00', 296, 36, NULL, NULL),
(1799, '2021-09-07 11:00:00', '2021-09-07 11:30:00', 296, 36, NULL, NULL),
(1800, '2021-09-17 09:00:00', '2021-09-17 09:30:00', 297, 36, NULL, NULL),
(1801, '2021-09-17 09:30:00', '2021-09-17 10:00:00', 297, 36, NULL, NULL),
(1802, '2021-09-17 10:00:00', '2021-09-17 10:30:00', 297, 36, NULL, NULL),
(1803, '2021-09-17 10:30:00', '2021-09-17 11:00:00', 297, 36, NULL, NULL),
(1804, '2021-09-17 11:00:00', '2021-09-17 11:30:00', 297, 36, NULL, NULL),
(1805, '2021-09-17 11:30:00', '2021-09-17 12:00:00', 297, 36, NULL, NULL),
(1806, '2021-09-17 12:00:00', '2021-09-17 12:30:00', 297, 36, NULL, NULL),
(1807, '2021-09-17 12:30:00', '2021-09-17 13:00:00', 297, 36, NULL, NULL),
(1808, '2021-09-17 13:00:00', '2021-09-17 13:30:00', 297, 36, NULL, NULL),
(1809, '2021-09-16 13:30:00', '2021-09-16 14:00:00', 298, 36, NULL, NULL),
(1810, '2021-09-16 14:00:00', '2021-09-16 14:30:00', 298, 36, 20, 4),
(1811, '2021-09-16 14:30:00', '2021-09-16 15:00:00', 298, 36, NULL, NULL),
(1812, '2021-09-16 15:00:00', '2021-09-16 15:30:00', 298, 36, NULL, NULL),
(1813, '2021-09-21 13:30:00', '2021-09-21 14:00:00', 299, 36, NULL, NULL),
(1814, '2021-09-21 14:00:00', '2021-09-21 14:30:00', 299, 36, NULL, NULL),
(1815, '2021-09-21 14:30:00', '2021-09-21 15:00:00', 299, 36, NULL, NULL),
(1816, '2021-09-21 15:00:00', '2021-09-21 15:30:00', 299, 36, NULL, NULL),
(1817, '2021-09-21 15:30:00', '2021-09-21 16:00:00', 299, 36, NULL, NULL),
(1818, '2021-09-21 16:00:00', '2021-09-21 16:30:00', 299, 36, NULL, NULL),
(1819, '2021-09-21 16:30:00', '2021-09-21 17:00:00', 299, 36, NULL, NULL),
(1820, '2021-09-21 17:00:00', '2021-09-21 17:30:00', 299, 36, NULL, NULL),
(1821, '2021-09-21 17:30:00', '2021-09-21 18:00:00', 299, 36, NULL, NULL),
(1822, '2021-09-21 18:00:00', '2021-09-21 18:30:00', 299, 36, NULL, NULL),
(1823, '2021-09-21 18:30:00', '2021-09-21 19:00:00', 299, 36, NULL, NULL),
(1824, '2021-09-21 19:00:00', '2021-09-21 19:30:00', 299, 36, NULL, NULL),
(1825, '2021-09-21 19:30:00', '2021-09-21 20:00:00', 299, 36, 20, 3),
(1826, '2021-09-23 09:30:00', '2021-09-23 10:00:00', 300, 36, NULL, NULL),
(1827, '2021-09-23 10:00:00', '2021-09-23 10:30:00', 300, 36, NULL, NULL),
(1828, '2021-09-23 10:30:00', '2021-09-23 11:00:00', 300, 36, NULL, NULL),
(1829, '2021-09-23 11:00:00', '2021-09-23 11:30:00', 300, 36, NULL, NULL),
(1830, '2021-09-23 11:30:00', '2021-09-23 12:00:00', 300, 36, NULL, NULL),
(1831, '2021-09-23 12:00:00', '2021-09-23 12:30:00', 300, 36, NULL, NULL),
(1832, '2021-09-23 12:30:00', '2021-09-23 13:00:00', 300, 36, NULL, NULL),
(1833, '2021-09-24 12:30:00', '2021-09-24 13:00:00', 301, 36, NULL, NULL),
(1834, '2021-09-24 13:00:00', '2021-09-24 13:30:00', 301, 36, NULL, NULL),
(1835, '2021-09-24 13:30:00', '2021-09-24 14:00:00', 301, 36, 21, 7),
(1836, '2021-09-28 09:30:00', '2021-09-28 10:00:00', 302, 36, NULL, NULL),
(1837, '2021-09-28 10:00:00', '2021-09-28 10:30:00', 302, 36, NULL, NULL),
(1838, '2021-09-28 10:30:00', '2021-09-28 11:00:00', 302, 36, NULL, NULL),
(1839, '2021-09-28 11:00:00', '2021-09-28 11:30:00', 302, 36, NULL, NULL),
(1840, '2021-09-28 11:30:00', '2021-09-28 12:00:00', 302, 36, NULL, NULL),
(1841, '2021-09-28 12:00:00', '2021-09-28 12:30:00', 302, 36, 22, 18),
(1842, '2021-09-28 12:30:00', '2021-09-28 13:00:00', 302, 36, NULL, NULL),
(1843, '2021-10-01 12:30:00', '2021-10-01 13:00:00', 303, 36, NULL, NULL),
(1844, '2021-10-01 13:00:00', '2021-10-01 13:30:00', 303, 36, NULL, NULL),
(1845, '2021-10-01 13:30:00', '2021-10-01 14:00:00', 303, 36, NULL, NULL),
(1846, '2021-10-01 14:00:00', '2021-10-01 14:30:00', 303, 36, 21, 14),
(1847, '2021-10-01 14:30:00', '2021-10-01 15:00:00', 303, 36, 22, 10),
(1848, '2021-10-01 15:00:00', '2021-10-01 15:30:00', 303, 36, NULL, NULL),
(1849, '2021-09-07 08:00:00', '2021-09-07 08:30:00', 304, 37, NULL, NULL),
(1850, '2021-09-07 08:30:00', '2021-09-07 09:00:00', 304, 37, NULL, NULL),
(1851, '2021-09-07 09:00:00', '2021-09-07 09:30:00', 304, 37, NULL, NULL),
(1852, '2021-09-09 08:00:00', '2021-09-09 08:30:00', 305, 37, NULL, NULL),
(1853, '2021-09-09 08:30:00', '2021-09-09 09:00:00', 305, 37, 23, 2),
(1854, '2021-09-09 09:00:00', '2021-09-09 09:30:00', 305, 37, NULL, NULL),
(1855, '2021-09-17 08:00:00', '2021-09-17 08:30:00', 306, 37, NULL, NULL),
(1856, '2021-09-17 08:30:00', '2021-09-17 09:00:00', 306, 37, NULL, NULL),
(1857, '2021-09-17 09:00:00', '2021-09-17 09:30:00', 306, 37, NULL, NULL),
(1858, '2021-09-17 09:30:00', '2021-09-17 10:00:00', 306, 37, NULL, NULL),
(1859, '2021-09-17 10:00:00', '2021-09-17 10:30:00', 306, 37, NULL, NULL),
(1860, '2021-09-17 10:30:00', '2021-09-17 11:00:00', 306, 37, NULL, NULL),
(1861, '2021-09-16 11:00:00', '2021-09-16 11:30:00', 307, 37, NULL, NULL),
(1862, '2021-09-16 11:30:00', '2021-09-16 12:00:00', 307, 37, NULL, NULL),
(1863, '2021-09-16 12:00:00', '2021-09-16 12:30:00', 307, 37, NULL, NULL),
(1864, '2021-09-16 12:30:00', '2021-09-16 13:00:00', 307, 37, NULL, NULL),
(1865, '2021-09-16 13:00:00', '2021-09-16 13:30:00', 307, 37, NULL, NULL),
(1866, '2021-09-16 13:30:00', '2021-09-16 14:00:00', 307, 37, NULL, NULL),
(1867, '2021-09-16 14:00:00', '2021-09-16 14:30:00', 307, 37, NULL, NULL),
(1868, '2021-09-16 14:30:00', '2021-09-16 15:00:00', 307, 37, NULL, NULL),
(1869, '2021-09-16 15:00:00', '2021-09-16 15:30:00', 307, 37, NULL, NULL),
(1870, '2021-09-20 09:30:00', '2021-09-20 10:00:00', 308, 37, NULL, NULL),
(1871, '2021-09-20 10:00:00', '2021-09-20 10:30:00', 308, 37, 23, 4),
(1872, '2021-09-20 10:30:00', '2021-09-20 11:00:00', 308, 37, NULL, NULL),
(1873, '2021-09-20 11:00:00', '2021-09-20 11:30:00', 308, 37, NULL, NULL),
(1874, '2021-09-20 11:30:00', '2021-09-20 12:00:00', 308, 37, NULL, NULL),
(1875, '2021-09-22 12:00:00', '2021-09-22 12:30:00', 309, 37, NULL, NULL),
(1876, '2021-09-22 12:30:00', '2021-09-22 13:00:00', 309, 37, NULL, NULL),
(1877, '2021-09-22 13:00:00', '2021-09-22 13:30:00', 309, 37, NULL, NULL),
(1878, '2021-09-22 13:30:00', '2021-09-22 14:00:00', 309, 37, NULL, NULL),
(1879, '2021-09-22 14:00:00', '2021-09-22 14:30:00', 309, 37, NULL, NULL),
(1880, '2021-09-22 14:30:00', '2021-09-22 15:00:00', 309, 37, NULL, NULL),
(1881, '2021-09-22 15:00:00', '2021-09-22 15:30:00', 309, 37, NULL, NULL),
(1882, '2021-09-22 15:30:00', '2021-09-22 16:00:00', 309, 37, NULL, NULL),
(1883, '2021-09-22 16:00:00', '2021-09-22 16:30:00', 309, 37, NULL, NULL),
(1884, '2021-09-22 16:30:00', '2021-09-22 17:00:00', 309, 37, 23, 13),
(1885, '2021-09-22 17:00:00', '2021-09-22 17:30:00', 309, 37, NULL, NULL),
(1886, '2021-09-22 17:30:00', '2021-09-22 18:00:00', 309, 37, NULL, NULL),
(1887, '2021-09-22 18:00:00', '2021-09-22 18:30:00', 309, 37, NULL, NULL),
(1888, '2021-09-23 11:00:00', '2021-09-23 11:30:00', 310, 37, NULL, NULL),
(1889, '2021-09-23 11:30:00', '2021-09-23 12:00:00', 310, 37, NULL, NULL),
(1890, '2021-09-23 12:00:00', '2021-09-23 12:30:00', 310, 37, 24, 10),
(1891, '2021-09-23 12:30:00', '2021-09-23 13:00:00', 310, 37, NULL, NULL),
(1892, '2021-09-23 13:00:00', '2021-09-23 13:30:00', 310, 37, NULL, NULL),
(1893, '2021-09-23 13:30:00', '2021-09-23 14:00:00', 310, 37, NULL, NULL),
(1894, '2021-09-27 10:00:00', '2021-09-27 10:30:00', 311, 37, NULL, NULL),
(1895, '2021-09-27 10:30:00', '2021-09-27 11:00:00', 311, 37, NULL, NULL),
(1896, '2021-09-27 11:00:00', '2021-09-27 11:30:00', 311, 37, NULL, NULL),
(1897, '2021-09-27 11:30:00', '2021-09-27 12:00:00', 311, 37, 25, 9),
(1898, '2021-09-27 12:00:00', '2021-09-27 12:30:00', 311, 37, NULL, NULL),
(1899, '2021-09-29 13:00:00', '2021-09-29 13:30:00', 312, 37, NULL, NULL),
(1900, '2021-09-29 13:30:00', '2021-09-29 14:00:00', 312, 37, NULL, NULL),
(1901, '2021-09-29 14:00:00', '2021-09-29 14:30:00', 312, 37, NULL, NULL),
(1902, '2021-09-22 08:30:00', '2021-09-22 09:00:00', 313, 21, NULL, NULL),
(1903, '2021-09-22 09:00:00', '2021-09-22 09:30:00', 313, 21, NULL, NULL),
(1904, '2021-09-22 09:30:00', '2021-09-22 10:00:00', 313, 21, NULL, NULL),
(1905, '2021-09-22 10:00:00', '2021-09-22 10:30:00', 313, 21, NULL, NULL),
(1906, '2021-09-22 10:30:00', '2021-09-22 11:00:00', 313, 21, NULL, NULL),
(1907, '2021-09-22 11:00:00', '2021-09-22 11:30:00', 313, 21, NULL, NULL),
(1908, '2021-09-24 08:00:00', '2021-09-24 08:30:00', 314, 21, 10, 17),
(1909, '2021-09-24 08:30:00', '2021-09-24 09:00:00', 314, 21, NULL, NULL),
(1910, '2021-09-24 09:00:00', '2021-09-24 09:30:00', 314, 21, NULL, NULL),
(1911, '2021-09-24 09:30:00', '2021-09-24 10:00:00', 314, 21, NULL, NULL),
(1912, '2021-09-24 10:00:00', '2021-09-24 10:30:00', 314, 21, NULL, NULL),
(1913, '2021-09-24 10:30:00', '2021-09-24 11:00:00', 314, 21, NULL, NULL),
(1914, '2021-09-24 11:00:00', '2021-09-24 11:30:00', 314, 21, NULL, NULL),
(1915, '2021-09-24 11:30:00', '2021-09-24 12:00:00', 314, 21, NULL, NULL),
(1916, '2021-09-24 12:00:00', '2021-09-24 12:30:00', 314, 21, NULL, NULL),
(1917, '2021-09-24 12:30:00', '2021-09-24 13:00:00', 314, 21, NULL, NULL),
(1918, '2021-09-24 13:00:00', '2021-09-24 13:30:00', 314, 21, NULL, NULL),
(1919, '2021-09-24 13:30:00', '2021-09-24 14:00:00', 314, 21, NULL, NULL),
(1920, '2021-09-24 14:00:00', '2021-09-24 14:30:00', 314, 21, NULL, NULL),
(1921, '2021-09-24 14:30:00', '2021-09-24 15:00:00', 314, 21, NULL, NULL),
(1922, '2021-09-20 10:30:00', '2021-09-20 11:00:00', 315, 21, NULL, NULL),
(1923, '2021-09-20 11:00:00', '2021-09-20 11:30:00', 315, 21, NULL, NULL),
(1924, '2021-09-20 11:30:00', '2021-09-20 12:00:00', 315, 21, NULL, NULL),
(1925, '2021-09-20 12:00:00', '2021-09-20 12:30:00', 315, 21, NULL, NULL),
(1926, '2021-09-20 12:30:00', '2021-09-20 13:00:00', 315, 21, NULL, NULL),
(1927, '2021-09-17 09:30:00', '2021-09-17 10:00:00', 316, 21, 10, 1),
(1928, '2021-09-17 10:00:00', '2021-09-17 10:30:00', 316, 21, NULL, NULL),
(1929, '2021-09-17 10:30:00', '2021-09-17 11:00:00', 316, 21, 9, 15),
(1930, '2021-09-17 11:00:00', '2021-09-17 11:30:00', 316, 21, NULL, NULL),
(1931, '2021-09-17 11:30:00', '2021-09-17 12:00:00', 316, 21, NULL, NULL),
(1932, '2021-09-17 12:00:00', '2021-09-17 12:30:00', 316, 21, NULL, NULL),
(1933, '2021-09-17 12:30:00', '2021-09-17 13:00:00', 316, 21, NULL, NULL),
(1934, '2021-09-06 09:00:00', '2021-09-06 09:30:00', 317, 38, 27, 3),
(1935, '2021-09-06 09:30:00', '2021-09-06 10:00:00', 317, 38, NULL, NULL),
(1936, '2021-09-06 10:00:00', '2021-09-06 10:30:00', 317, 38, NULL, NULL),
(1937, '2021-09-15 11:30:00', '2021-09-15 12:00:00', 318, 38, NULL, NULL),
(1938, '2021-09-15 12:00:00', '2021-09-15 12:30:00', 318, 38, NULL, NULL),
(1939, '2021-09-21 09:00:00', '2021-09-21 09:30:00', 319, 38, NULL, NULL),
(1940, '2021-09-21 09:30:00', '2021-09-21 10:00:00', 319, 38, NULL, NULL),
(1941, '2021-09-21 10:00:00', '2021-09-21 10:30:00', 319, 38, NULL, NULL),
(1942, '2021-09-21 10:30:00', '2021-09-21 11:00:00', 319, 38, NULL, NULL),
(1943, '2021-09-21 11:00:00', '2021-09-21 11:30:00', 319, 38, 29, 1),
(1944, '2021-09-21 11:30:00', '2021-09-21 12:00:00', 319, 38, NULL, NULL),
(1945, '2021-09-21 12:00:00', '2021-09-21 12:30:00', 319, 38, NULL, NULL),
(1946, '2021-09-21 12:30:00', '2021-09-21 13:00:00', 319, 38, NULL, NULL),
(1947, '2021-09-24 08:00:00', '2021-09-24 08:30:00', 320, 38, NULL, NULL),
(1948, '2021-09-24 08:30:00', '2021-09-24 09:00:00', 320, 38, NULL, NULL),
(1949, '2021-09-24 09:00:00', '2021-09-24 09:30:00', 320, 38, NULL, NULL),
(1950, '2021-09-24 09:30:00', '2021-09-24 10:00:00', 320, 38, NULL, NULL),
(1951, '2021-09-24 10:00:00', '2021-09-24 10:30:00', 320, 38, NULL, NULL),
(1952, '2021-09-24 10:30:00', '2021-09-24 11:00:00', 320, 38, NULL, NULL),
(1953, '2021-09-24 11:00:00', '2021-09-24 11:30:00', 320, 38, NULL, NULL),
(1954, '2021-09-24 11:30:00', '2021-09-24 12:00:00', 320, 38, 27, 17),
(1955, '2021-09-24 12:00:00', '2021-09-24 12:30:00', 320, 38, NULL, NULL),
(1956, '2021-09-24 12:30:00', '2021-09-24 13:00:00', 320, 38, NULL, NULL),
(1957, '2021-09-24 13:00:00', '2021-09-24 13:30:00', 320, 38, NULL, NULL),
(1958, '2021-09-24 13:30:00', '2021-09-24 14:00:00', 320, 38, NULL, NULL),
(1959, '2021-09-24 14:00:00', '2021-09-24 14:30:00', 320, 38, NULL, NULL),
(1960, '2021-09-24 14:30:00', '2021-09-24 15:00:00', 320, 38, NULL, NULL),
(1961, '2021-09-24 15:00:00', '2021-09-24 15:30:00', 320, 38, NULL, NULL),
(1962, '2021-09-24 15:30:00', '2021-09-24 16:00:00', 320, 38, NULL, NULL),
(1963, '2021-09-24 16:00:00', '2021-09-24 16:30:00', 320, 38, NULL, NULL),
(1964, '2021-09-17 15:30:00', '2021-09-17 16:00:00', 321, 38, NULL, NULL),
(1965, '2021-09-17 16:00:00', '2021-09-17 16:30:00', 321, 38, NULL, NULL),
(1966, '2021-09-17 16:30:00', '2021-09-17 17:00:00', 321, 38, NULL, NULL),
(1967, '2021-09-17 17:00:00', '2021-09-17 17:30:00', 321, 38, NULL, NULL),
(1968, '2021-09-17 17:30:00', '2021-09-17 18:00:00', 321, 38, NULL, NULL),
(1969, '2021-09-28 10:30:00', '2021-09-28 11:00:00', 322, 38, NULL, NULL),
(1970, '2021-09-28 11:00:00', '2021-09-28 11:30:00', 322, 38, NULL, NULL),
(1971, '2021-09-28 11:30:00', '2021-09-28 12:00:00', 322, 38, NULL, NULL),
(1972, '2021-09-28 12:00:00', '2021-09-28 12:30:00', 322, 38, NULL, NULL),
(1973, '2021-09-28 12:30:00', '2021-09-28 13:00:00', 322, 38, NULL, NULL),
(1974, '2021-09-28 13:00:00', '2021-09-28 13:30:00', 322, 38, NULL, NULL),
(1975, '2021-09-28 13:30:00', '2021-09-28 14:00:00', 322, 38, NULL, NULL),
(1976, '2021-09-28 14:00:00', '2021-09-28 14:30:00', 322, 38, NULL, NULL),
(1977, '2021-09-28 14:30:00', '2021-09-28 15:00:00', 322, 38, NULL, NULL),
(1978, '2021-09-30 16:00:00', '2021-09-30 16:30:00', 323, 38, NULL, NULL),
(1979, '2021-09-30 16:30:00', '2021-09-30 17:00:00', 323, 38, NULL, NULL),
(1980, '2021-09-30 17:00:00', '2021-09-30 17:30:00', 323, 38, NULL, NULL),
(1981, '2021-09-30 17:30:00', '2021-09-30 18:00:00', 323, 38, NULL, NULL),
(1982, '2021-09-30 18:00:00', '2021-09-30 18:30:00', 323, 38, 26, 5),
(1983, '2021-09-30 18:30:00', '2021-09-30 19:00:00', 323, 38, NULL, NULL),
(1984, '2021-09-30 19:00:00', '2021-09-30 19:30:00', 323, 38, NULL, NULL),
(1985, '2021-09-06 10:30:00', '2021-09-06 11:00:00', 324, 39, NULL, NULL),
(1986, '2021-09-06 11:00:00', '2021-09-06 11:30:00', 324, 39, NULL, NULL),
(1987, '2021-09-09 11:00:00', '2021-09-09 11:30:00', 325, 39, NULL, NULL),
(1988, '2021-09-09 11:30:00', '2021-09-09 12:00:00', 325, 39, NULL, NULL),
(1989, '2021-09-09 12:00:00', '2021-09-09 12:30:00', 325, 39, 1, 17),
(1990, '2021-09-14 09:00:00', '2021-09-14 09:30:00', 326, 39, NULL, NULL),
(1991, '2021-09-14 09:30:00', '2021-09-14 10:00:00', 326, 39, NULL, NULL),
(1992, '2021-09-16 12:00:00', '2021-09-16 12:30:00', 327, 39, NULL, NULL),
(1993, '2021-09-16 12:30:00', '2021-09-16 13:00:00', 327, 39, NULL, NULL),
(1994, '2021-09-16 13:00:00', '2021-09-16 13:30:00', 327, 39, NULL, NULL),
(1995, '2021-09-16 13:30:00', '2021-09-16 14:00:00', 327, 39, NULL, NULL),
(1996, '2021-09-17 08:00:00', '2021-09-17 08:30:00', 328, 39, NULL, NULL),
(1997, '2021-09-17 08:30:00', '2021-09-17 09:00:00', 328, 39, NULL, NULL),
(1998, '2021-09-17 09:00:00', '2021-09-17 09:30:00', 328, 39, NULL, NULL),
(1999, '2021-09-17 09:30:00', '2021-09-17 10:00:00', 328, 39, NULL, NULL),
(2000, '2021-09-17 10:00:00', '2021-09-17 10:30:00', 328, 39, NULL, NULL),
(2001, '2021-09-17 10:30:00', '2021-09-17 11:00:00', 328, 39, NULL, NULL),
(2002, '2021-09-17 11:00:00', '2021-09-17 11:30:00', 328, 39, 1, 12),
(2003, '2021-09-20 08:00:00', '2021-09-20 08:30:00', 329, 39, NULL, NULL),
(2004, '2021-09-20 08:30:00', '2021-09-20 09:00:00', 329, 39, NULL, NULL),
(2005, '2021-09-20 09:00:00', '2021-09-20 09:30:00', 329, 39, NULL, NULL),
(2006, '2021-09-20 09:30:00', '2021-09-20 10:00:00', 329, 39, NULL, NULL),
(2007, '2021-09-20 10:00:00', '2021-09-20 10:30:00', 329, 39, NULL, NULL),
(2008, '2021-09-20 10:30:00', '2021-09-20 11:00:00', 329, 39, NULL, NULL),
(2009, '2021-09-20 11:00:00', '2021-09-20 11:30:00', 329, 39, NULL, NULL),
(2010, '2021-09-20 11:30:00', '2021-09-20 12:00:00', 329, 39, NULL, NULL),
(2011, '2021-09-20 12:00:00', '2021-09-20 12:30:00', 329, 39, NULL, NULL),
(2012, '2021-09-22 14:00:00', '2021-09-22 14:30:00', 330, 39, NULL, NULL),
(2013, '2021-09-22 14:30:00', '2021-09-22 15:00:00', 330, 39, NULL, NULL),
(2014, '2021-09-22 15:00:00', '2021-09-22 15:30:00', 330, 39, NULL, NULL),
(2015, '2021-09-22 15:30:00', '2021-09-22 16:00:00', 330, 39, NULL, NULL),
(2016, '2021-09-22 16:00:00', '2021-09-22 16:30:00', 330, 39, NULL, NULL),
(2017, '2021-09-22 16:30:00', '2021-09-22 17:00:00', 330, 39, NULL, NULL),
(2018, '2021-09-22 17:00:00', '2021-09-22 17:30:00', 330, 39, NULL, NULL),
(2019, '2021-09-22 17:30:00', '2021-09-22 18:00:00', 330, 39, NULL, NULL),
(2020, '2021-09-22 18:00:00', '2021-09-22 18:30:00', 330, 39, NULL, NULL),
(2021, '2021-09-22 18:30:00', '2021-09-22 19:00:00', 330, 39, NULL, NULL),
(2022, '2021-09-22 19:00:00', '2021-09-22 19:30:00', 330, 39, NULL, NULL),
(2023, '2021-09-24 13:00:00', '2021-09-24 13:30:00', 331, 39, NULL, NULL),
(2024, '2021-09-24 13:30:00', '2021-09-24 14:00:00', 331, 39, NULL, NULL),
(2025, '2021-09-24 14:00:00', '2021-09-24 14:30:00', 331, 39, 26, 15),
(2026, '2021-09-24 14:30:00', '2021-09-24 15:00:00', 331, 39, NULL, NULL),
(2027, '2021-09-24 15:00:00', '2021-09-24 15:30:00', 331, 39, NULL, NULL),
(2028, '2021-09-24 15:30:00', '2021-09-24 16:00:00', 331, 39, NULL, NULL),
(2029, '2021-09-27 10:00:00', '2021-09-27 10:30:00', 332, 39, NULL, NULL),
(2030, '2021-09-27 10:30:00', '2021-09-27 11:00:00', 332, 39, NULL, NULL),
(2031, '2021-09-27 11:00:00', '2021-09-27 11:30:00', 332, 39, NULL, NULL),
(2032, '2021-09-27 11:30:00', '2021-09-27 12:00:00', 332, 39, NULL, NULL),
(2033, '2021-09-27 12:00:00', '2021-09-27 12:30:00', 332, 39, NULL, NULL),
(2034, '2021-09-27 12:30:00', '2021-09-27 13:00:00', 332, 39, NULL, NULL),
(2035, '2021-09-27 13:00:00', '2021-09-27 13:30:00', 332, 39, 1, 13),
(2036, '2021-09-27 13:30:00', '2021-09-27 14:00:00', 332, 39, NULL, NULL),
(2037, '2021-09-27 14:00:00', '2021-09-27 14:30:00', 332, 39, NULL, NULL),
(2038, '2021-09-28 14:00:00', '2021-09-28 14:30:00', 333, 39, NULL, NULL),
(2039, '2021-09-28 14:30:00', '2021-09-28 15:00:00', 333, 39, NULL, NULL),
(2040, '2021-09-28 15:00:00', '2021-09-28 15:30:00', 333, 39, NULL, NULL),
(2041, '2021-09-28 15:30:00', '2021-09-28 16:00:00', 333, 39, NULL, NULL),
(2042, '2021-09-28 16:00:00', '2021-09-28 16:30:00', 333, 39, NULL, NULL),
(2043, '2021-09-28 16:30:00', '2021-09-28 17:00:00', 333, 39, NULL, NULL),
(2044, '2021-09-30 10:30:00', '2021-09-30 11:00:00', 334, 39, NULL, NULL),
(2045, '2021-09-30 11:00:00', '2021-09-30 11:30:00', 334, 39, NULL, NULL),
(2046, '2021-09-30 11:30:00', '2021-09-30 12:00:00', 334, 39, NULL, NULL),
(2047, '2021-09-30 12:00:00', '2021-09-30 12:30:00', 334, 39, NULL, NULL),
(2048, '2021-09-30 12:30:00', '2021-09-30 13:00:00', 334, 39, 1, 1),
(2049, '2021-09-17 08:00:00', '2021-09-17 08:30:00', 335, 40, NULL, NULL),
(2050, '2021-09-17 08:30:00', '2021-09-17 09:00:00', 335, 40, NULL, NULL),
(2051, '2021-09-17 09:00:00', '2021-09-17 09:30:00', 335, 40, NULL, NULL),
(2052, '2021-09-17 09:30:00', '2021-09-17 10:00:00', 335, 40, 1, 11),
(2053, '2021-09-17 10:00:00', '2021-09-17 10:30:00', 335, 40, NULL, NULL),
(2054, '2021-09-17 10:30:00', '2021-09-17 11:00:00', 335, 40, NULL, NULL),
(2055, '2021-09-16 13:00:00', '2021-09-16 13:30:00', 336, 40, NULL, NULL),
(2056, '2021-09-16 13:30:00', '2021-09-16 14:00:00', 336, 40, NULL, NULL),
(2057, '2021-09-16 14:00:00', '2021-09-16 14:30:00', 336, 40, NULL, NULL),
(2058, '2021-09-16 14:30:00', '2021-09-16 15:00:00', 336, 40, 1, 12),
(2059, '2021-09-16 15:00:00', '2021-09-16 15:30:00', 336, 40, NULL, NULL),
(2060, '2021-09-06 10:00:00', '2021-09-06 10:30:00', 337, 40, NULL, NULL),
(2061, '2021-09-06 10:30:00', '2021-09-06 11:00:00', 337, 40, NULL, NULL),
(2062, '2021-09-07 12:30:00', '2021-09-07 13:00:00', 338, 40, NULL, NULL),
(2063, '2021-09-07 13:00:00', '2021-09-07 13:30:00', 338, 40, NULL, NULL),
(2064, '2021-09-20 16:00:00', '2021-09-20 16:30:00', 339, 40, NULL, NULL),
(2065, '2021-09-20 16:30:00', '2021-09-20 17:00:00', 339, 40, NULL, NULL),
(2066, '2021-09-20 17:00:00', '2021-09-20 17:30:00', 339, 40, NULL, NULL),
(2067, '2021-09-20 17:30:00', '2021-09-20 18:00:00', 339, 40, NULL, NULL),
(2068, '2021-09-20 18:00:00', '2021-09-20 18:30:00', 339, 40, NULL, NULL),
(2069, '2021-09-20 18:30:00', '2021-09-20 19:00:00', 339, 40, NULL, NULL),
(2070, '2021-09-20 19:00:00', '2021-09-20 19:30:00', 339, 40, NULL, NULL),
(2071, '2021-09-20 19:30:00', '2021-09-20 20:00:00', 339, 40, NULL, NULL),
(2072, '2021-09-22 11:00:00', '2021-09-22 11:30:00', 340, 40, NULL, NULL),
(2073, '2021-09-22 11:30:00', '2021-09-22 12:00:00', 340, 40, NULL, NULL),
(2074, '2021-09-22 12:00:00', '2021-09-22 12:30:00', 340, 40, NULL, NULL),
(2075, '2021-09-22 12:30:00', '2021-09-22 13:00:00', 340, 40, NULL, NULL),
(2076, '2021-09-22 13:00:00', '2021-09-22 13:30:00', 340, 40, 1, 6),
(2077, '2021-09-22 13:30:00', '2021-09-22 14:00:00', 340, 40, NULL, NULL),
(2078, '2021-09-22 14:00:00', '2021-09-22 14:30:00', 340, 40, NULL, NULL),
(2079, '2021-09-23 09:00:00', '2021-09-23 09:30:00', 341, 40, NULL, NULL),
(2080, '2021-09-23 09:30:00', '2021-09-23 10:00:00', 341, 40, NULL, NULL),
(2081, '2021-09-23 10:00:00', '2021-09-23 10:30:00', 341, 40, NULL, NULL),
(2082, '2021-09-23 10:30:00', '2021-09-23 11:00:00', 341, 40, NULL, NULL),
(2083, '2021-09-23 11:00:00', '2021-09-23 11:30:00', 341, 40, NULL, NULL),
(2084, '2021-09-23 11:30:00', '2021-09-23 12:00:00', 341, 40, NULL, NULL),
(2085, '2021-09-29 09:00:00', '2021-09-29 09:30:00', 342, 40, NULL, NULL),
(2086, '2021-09-29 09:30:00', '2021-09-29 10:00:00', 342, 40, NULL, NULL),
(2087, '2021-09-29 10:00:00', '2021-09-29 10:30:00', 342, 40, NULL, NULL),
(2088, '2021-09-29 10:30:00', '2021-09-29 11:00:00', 342, 40, NULL, NULL),
(2089, '2021-09-28 11:30:00', '2021-09-28 12:00:00', 343, 40, NULL, NULL),
(2090, '2021-09-28 12:00:00', '2021-09-28 12:30:00', 343, 40, NULL, NULL),
(2091, '2021-09-28 12:30:00', '2021-09-28 13:00:00', 343, 40, NULL, NULL),
(2092, '2021-09-28 13:00:00', '2021-09-28 13:30:00', 343, 40, NULL, NULL),
(2093, '2021-09-28 13:30:00', '2021-09-28 14:00:00', 343, 40, NULL, NULL),
(2094, '2021-09-28 14:00:00', '2021-09-28 14:30:00', 343, 40, NULL, NULL),
(2095, '2021-09-28 14:30:00', '2021-09-28 15:00:00', 343, 40, 1, 9),
(2096, '2021-09-06 09:00:00', '2021-09-06 09:30:00', 344, 41, 5, 18),
(2097, '2021-09-06 09:30:00', '2021-09-06 10:00:00', 344, 41, NULL, NULL),
(2098, '2021-09-08 10:00:00', '2021-09-08 10:30:00', 345, 41, NULL, NULL),
(2099, '2021-09-08 10:30:00', '2021-09-08 11:00:00', 345, 41, 4, 10),
(2100, '2021-09-16 11:00:00', '2021-09-16 11:30:00', 346, 41, NULL, NULL),
(2101, '2021-09-16 11:30:00', '2021-09-16 12:00:00', 346, 41, NULL, NULL),
(2102, '2021-09-16 12:00:00', '2021-09-16 12:30:00', 346, 41, NULL, NULL),
(2103, '2021-09-16 12:30:00', '2021-09-16 13:00:00', 346, 41, NULL, NULL),
(2104, '2021-09-17 08:00:00', '2021-09-17 08:30:00', 347, 41, NULL, NULL),
(2105, '2021-09-17 08:30:00', '2021-09-17 09:00:00', 347, 41, NULL, NULL),
(2106, '2021-09-17 09:00:00', '2021-09-17 09:30:00', 347, 41, NULL, NULL),
(2107, '2021-09-17 09:30:00', '2021-09-17 10:00:00', 347, 41, 3, 3),
(2108, '2021-09-17 10:00:00', '2021-09-17 10:30:00', 347, 41, NULL, NULL),
(2109, '2021-09-17 10:30:00', '2021-09-17 11:00:00', 347, 41, NULL, NULL),
(2110, '2021-09-21 10:30:00', '2021-09-21 11:00:00', 348, 41, NULL, NULL),
(2111, '2021-09-21 11:00:00', '2021-09-21 11:30:00', 348, 41, NULL, NULL),
(2112, '2021-09-21 11:30:00', '2021-09-21 12:00:00', 348, 41, NULL, NULL),
(2113, '2021-09-21 12:00:00', '2021-09-21 12:30:00', 348, 41, NULL, NULL),
(2114, '2021-09-21 12:30:00', '2021-09-21 13:00:00', 348, 41, NULL, NULL),
(2115, '2021-09-21 13:00:00', '2021-09-21 13:30:00', 348, 41, NULL, NULL),
(2116, '2021-09-21 13:30:00', '2021-09-21 14:00:00', 348, 41, NULL, NULL),
(2117, '2021-09-21 14:00:00', '2021-09-21 14:30:00', 348, 41, NULL, NULL),
(2118, '2021-09-21 14:30:00', '2021-09-21 15:00:00', 348, 41, NULL, NULL),
(2119, '2021-09-21 15:00:00', '2021-09-21 15:30:00', 348, 41, NULL, NULL),
(2120, '2021-09-23 08:30:00', '2021-09-23 09:00:00', 349, 41, NULL, NULL),
(2121, '2021-09-23 09:00:00', '2021-09-23 09:30:00', 349, 41, NULL, NULL),
(2122, '2021-09-23 09:30:00', '2021-09-23 10:00:00', 349, 41, 4, 7),
(2123, '2021-09-23 10:00:00', '2021-09-23 10:30:00', 349, 41, NULL, NULL),
(2124, '2021-09-23 10:30:00', '2021-09-23 11:00:00', 349, 41, NULL, NULL),
(2125, '2021-09-23 11:00:00', '2021-09-23 11:30:00', 349, 41, NULL, NULL),
(2126, '2021-09-23 11:30:00', '2021-09-23 12:00:00', 349, 41, NULL, NULL),
(2127, '2021-09-23 12:00:00', '2021-09-23 12:30:00', 349, 41, NULL, NULL),
(2128, '2021-09-23 12:30:00', '2021-09-23 13:00:00', 349, 41, NULL, NULL),
(2129, '2021-09-27 10:00:00', '2021-09-27 10:30:00', 350, 41, NULL, NULL),
(2130, '2021-09-27 10:30:00', '2021-09-27 11:00:00', 350, 41, NULL, NULL),
(2131, '2021-09-27 11:00:00', '2021-09-27 11:30:00', 350, 41, NULL, NULL),
(2132, '2021-09-27 11:30:00', '2021-09-27 12:00:00', 350, 41, NULL, NULL),
(2133, '2021-09-27 12:00:00', '2021-09-27 12:30:00', 350, 41, NULL, NULL),
(2134, '2021-09-27 12:30:00', '2021-09-27 13:00:00', 350, 41, NULL, NULL),
(2135, '2021-09-27 13:00:00', '2021-09-27 13:30:00', 350, 41, NULL, NULL),
(2136, '2021-09-27 13:30:00', '2021-09-27 14:00:00', 350, 41, NULL, NULL),
(2137, '2021-09-27 14:00:00', '2021-09-27 14:30:00', 350, 41, NULL, NULL),
(2138, '2021-09-27 14:30:00', '2021-09-27 15:00:00', 350, 41, NULL, NULL),
(2139, '2021-09-27 15:00:00', '2021-09-27 15:30:00', 350, 41, 5, 4),
(2140, '2021-09-27 15:30:00', '2021-09-27 16:00:00', 350, 41, NULL, NULL),
(2141, '2021-09-29 09:30:00', '2021-09-29 10:00:00', 351, 41, NULL, NULL),
(2142, '2021-09-29 10:00:00', '2021-09-29 10:30:00', 351, 41, NULL, NULL),
(2143, '2021-09-29 10:30:00', '2021-09-29 11:00:00', 351, 41, NULL, NULL),
(2144, '2021-09-29 11:00:00', '2021-09-29 11:30:00', 351, 41, NULL, NULL),
(2145, '2021-10-01 08:30:00', '2021-10-01 09:00:00', 352, 41, NULL, NULL),
(2146, '2021-10-01 09:00:00', '2021-10-01 09:30:00', 352, 41, NULL, NULL),
(2147, '2021-10-01 09:30:00', '2021-10-01 10:00:00', 352, 41, NULL, NULL),
(2148, '2021-10-01 10:00:00', '2021-10-01 10:30:00', 352, 41, NULL, NULL),
(2149, '2021-10-01 10:30:00', '2021-10-01 11:00:00', 352, 41, 2, 12),
(2150, '2021-10-01 11:00:00', '2021-10-01 11:30:00', 352, 41, NULL, NULL),
(2151, '2021-10-01 11:30:00', '2021-10-01 12:00:00', 352, 41, NULL, NULL),
(2152, '2021-10-01 12:00:00', '2021-10-01 12:30:00', 352, 41, NULL, NULL),
(2153, '2021-10-01 12:30:00', '2021-10-01 13:00:00', 352, 41, NULL, NULL),
(2154, '2021-10-01 13:00:00', '2021-10-01 13:30:00', 352, 41, NULL, NULL),
(2155, '2021-09-13 08:30:00', '2021-09-13 09:00:00', 353, 42, NULL, NULL),
(2156, '2021-09-13 09:00:00', '2021-09-13 09:30:00', 353, 42, 2, 14),
(2157, '2021-09-13 09:30:00', '2021-09-13 10:00:00', 353, 42, NULL, NULL),
(2158, '2021-09-13 10:00:00', '2021-09-13 10:30:00', 353, 42, NULL, NULL),
(2159, '2021-09-08 08:30:00', '2021-09-08 09:00:00', 354, 42, 3, 13),
(2160, '2021-09-08 09:00:00', '2021-09-08 09:30:00', 354, 42, NULL, NULL),
(2161, '2021-09-08 09:30:00', '2021-09-08 10:00:00', 354, 42, NULL, NULL),
(2162, '2021-09-16 08:00:00', '2021-09-16 08:30:00', 355, 42, NULL, NULL),
(2163, '2021-09-16 08:30:00', '2021-09-16 09:00:00', 355, 42, NULL, NULL),
(2164, '2021-09-16 09:00:00', '2021-09-16 09:30:00', 355, 42, NULL, NULL),
(2165, '2021-09-16 09:30:00', '2021-09-16 10:00:00', 355, 42, NULL, NULL),
(2166, '2021-09-16 10:00:00', '2021-09-16 10:30:00', 355, 42, NULL, NULL),
(2167, '2021-09-16 10:30:00', '2021-09-16 11:00:00', 355, 42, NULL, NULL),
(2168, '2021-09-17 11:30:00', '2021-09-17 12:00:00', 356, 42, NULL, NULL),
(2169, '2021-09-17 12:00:00', '2021-09-17 12:30:00', 356, 42, NULL, NULL),
(2170, '2021-09-17 12:30:00', '2021-09-17 13:00:00', 356, 42, NULL, NULL),
(2171, '2021-09-17 13:00:00', '2021-09-17 13:30:00', 356, 42, NULL, NULL),
(2172, '2021-09-17 13:30:00', '2021-09-17 14:00:00', 356, 42, NULL, NULL),
(2173, '2021-09-17 14:00:00', '2021-09-17 14:30:00', 356, 42, NULL, NULL),
(2174, '2021-09-21 10:30:00', '2021-09-21 11:00:00', 357, 42, NULL, NULL),
(2175, '2021-09-21 11:00:00', '2021-09-21 11:30:00', 357, 42, NULL, NULL),
(2176, '2021-09-21 11:30:00', '2021-09-21 12:00:00', 357, 42, NULL, NULL),
(2177, '2021-09-21 12:00:00', '2021-09-21 12:30:00', 357, 42, NULL, NULL),
(2178, '2021-09-21 12:30:00', '2021-09-21 13:00:00', 357, 42, NULL, NULL),
(2179, '2021-09-21 13:00:00', '2021-09-21 13:30:00', 357, 42, NULL, NULL),
(2180, '2021-09-21 13:30:00', '2021-09-21 14:00:00', 357, 42, NULL, NULL),
(2181, '2021-09-21 14:00:00', '2021-09-21 14:30:00', 357, 42, 6, 17),
(2182, '2021-09-21 14:30:00', '2021-09-21 15:00:00', 357, 42, NULL, NULL),
(2183, '2021-09-21 15:00:00', '2021-09-21 15:30:00', 357, 42, NULL, NULL),
(2184, '2021-09-21 15:30:00', '2021-09-21 16:00:00', 357, 42, NULL, NULL),
(2185, '2021-09-21 16:00:00', '2021-09-21 16:30:00', 357, 42, NULL, NULL),
(2186, '2021-09-21 16:30:00', '2021-09-21 17:00:00', 357, 42, NULL, NULL),
(2187, '2021-09-21 17:00:00', '2021-09-21 17:30:00', 357, 42, NULL, NULL),
(2188, '2021-09-22 09:30:00', '2021-09-22 10:00:00', 358, 42, NULL, NULL),
(2189, '2021-09-22 10:00:00', '2021-09-22 10:30:00', 358, 42, NULL, NULL),
(2190, '2021-09-22 10:30:00', '2021-09-22 11:00:00', 358, 42, 8, 5),
(2191, '2021-09-22 11:00:00', '2021-09-22 11:30:00', 358, 42, 8, 1),
(2192, '2021-09-22 11:30:00', '2021-09-22 12:00:00', 358, 42, NULL, NULL),
(2193, '2021-09-24 08:30:00', '2021-09-24 09:00:00', 359, 42, NULL, NULL),
(2194, '2021-09-24 09:00:00', '2021-09-24 09:30:00', 359, 42, NULL, NULL),
(2195, '2021-09-24 09:30:00', '2021-09-24 10:00:00', 359, 42, NULL, NULL),
(2196, '2021-09-24 10:00:00', '2021-09-24 10:30:00', 359, 42, NULL, NULL),
(2197, '2021-09-24 10:30:00', '2021-09-24 11:00:00', 359, 42, NULL, NULL),
(2198, '2021-09-24 11:00:00', '2021-09-24 11:30:00', 359, 42, NULL, NULL),
(2199, '2021-09-24 11:30:00', '2021-09-24 12:00:00', 359, 42, NULL, NULL),
(2200, '2021-09-24 12:00:00', '2021-09-24 12:30:00', 359, 42, NULL, NULL),
(2201, '2021-09-24 12:30:00', '2021-09-24 13:00:00', 359, 42, NULL, NULL),
(2202, '2021-09-29 09:00:00', '2021-09-29 09:30:00', 360, 42, NULL, NULL),
(2203, '2021-09-29 09:30:00', '2021-09-29 10:00:00', 360, 42, NULL, NULL),
(2204, '2021-09-29 10:00:00', '2021-09-29 10:30:00', 360, 42, NULL, NULL),
(2205, '2021-09-29 10:30:00', '2021-09-29 11:00:00', 360, 42, NULL, NULL),
(2206, '2021-09-29 11:00:00', '2021-09-29 11:30:00', 360, 42, NULL, NULL),
(2207, '2021-09-29 11:30:00', '2021-09-29 12:00:00', 360, 42, 2, 2),
(2208, '2021-09-29 12:00:00', '2021-09-29 12:30:00', 360, 42, NULL, NULL),
(2209, '2021-09-29 12:30:00', '2021-09-29 13:00:00', 360, 42, NULL, NULL),
(2210, '2021-09-27 13:30:00', '2021-09-27 14:00:00', 361, 42, NULL, NULL),
(2211, '2021-09-27 14:00:00', '2021-09-27 14:30:00', 361, 42, NULL, NULL),
(2212, '2021-09-27 14:30:00', '2021-09-27 15:00:00', 361, 42, NULL, NULL),
(2213, '2021-09-13 09:30:00', '2021-09-13 10:00:00', 362, 43, NULL, NULL),
(2214, '2021-09-13 10:00:00', '2021-09-13 10:30:00', 362, 43, 9, 8),
(2215, '2021-09-13 10:30:00', '2021-09-13 11:00:00', 362, 43, NULL, NULL),
(2216, '2021-09-06 08:30:00', '2021-09-06 09:00:00', 363, 43, NULL, NULL),
(2217, '2021-09-06 09:00:00', '2021-09-06 09:30:00', 363, 43, NULL, NULL),
(2218, '2021-09-06 09:30:00', '2021-09-06 10:00:00', 363, 43, NULL, NULL),
(2219, '2021-09-09 09:30:00', '2021-09-09 10:00:00', 364, 43, NULL, NULL),
(2220, '2021-09-16 08:30:00', '2021-09-16 09:00:00', 365, 43, NULL, NULL),
(2221, '2021-09-16 09:00:00', '2021-09-16 09:30:00', 365, 43, NULL, NULL),
(2222, '2021-09-16 09:30:00', '2021-09-16 10:00:00', 365, 43, NULL, NULL),
(2223, '2021-09-16 10:00:00', '2021-09-16 10:30:00', 365, 43, NULL, NULL),
(2224, '2021-09-16 10:30:00', '2021-09-16 11:00:00', 365, 43, NULL, NULL),
(2225, '2021-09-16 11:00:00', '2021-09-16 11:30:00', 365, 43, NULL, NULL),
(2226, '2021-09-16 11:30:00', '2021-09-16 12:00:00', 365, 43, NULL, NULL),
(2227, '2021-09-17 14:30:00', '2021-09-17 15:00:00', 366, 43, NULL, NULL),
(2228, '2021-09-17 15:00:00', '2021-09-17 15:30:00', 366, 43, NULL, NULL),
(2229, '2021-09-17 15:30:00', '2021-09-17 16:00:00', 366, 43, 9, 4),
(2230, '2021-09-17 16:00:00', '2021-09-17 16:30:00', 366, 43, NULL, NULL),
(2231, '2021-09-17 16:30:00', '2021-09-17 17:00:00', 366, 43, NULL, NULL),
(2232, '2021-09-17 17:00:00', '2021-09-17 17:30:00', 366, 43, NULL, NULL),
(2233, '2021-09-21 09:30:00', '2021-09-21 10:00:00', 367, 43, NULL, NULL),
(2234, '2021-09-21 10:00:00', '2021-09-21 10:30:00', 367, 43, NULL, NULL),
(2235, '2021-09-21 10:30:00', '2021-09-21 11:00:00', 367, 43, NULL, NULL),
(2236, '2021-09-21 11:00:00', '2021-09-21 11:30:00', 367, 43, NULL, NULL),
(2237, '2021-09-21 11:30:00', '2021-09-21 12:00:00', 367, 43, NULL, NULL),
(2238, '2021-09-21 12:00:00', '2021-09-21 12:30:00', 367, 43, NULL, NULL),
(2239, '2021-09-21 12:30:00', '2021-09-21 13:00:00', 367, 43, NULL, NULL),
(2240, '2021-09-21 13:00:00', '2021-09-21 13:30:00', 367, 43, NULL, NULL),
(2241, '2021-09-21 13:30:00', '2021-09-21 14:00:00', 367, 43, NULL, NULL),
(2242, '2021-09-21 14:00:00', '2021-09-21 14:30:00', 367, 43, NULL, NULL),
(2243, '2021-09-21 14:30:00', '2021-09-21 15:00:00', 367, 43, NULL, NULL),
(2244, '2021-09-21 15:00:00', '2021-09-21 15:30:00', 367, 43, NULL, NULL),
(2245, '2021-09-21 15:30:00', '2021-09-21 16:00:00', 367, 43, NULL, NULL),
(2246, '2021-09-21 16:00:00', '2021-09-21 16:30:00', 367, 43, NULL, NULL),
(2247, '2021-09-21 16:30:00', '2021-09-21 17:00:00', 367, 43, NULL, NULL),
(2248, '2021-09-21 17:00:00', '2021-09-21 17:30:00', 367, 43, NULL, NULL),
(2249, '2021-09-23 10:00:00', '2021-09-23 10:30:00', 368, 43, NULL, NULL),
(2250, '2021-09-23 10:30:00', '2021-09-23 11:00:00', 368, 43, NULL, NULL),
(2251, '2021-09-23 11:00:00', '2021-09-23 11:30:00', 368, 43, 9, 10),
(2252, '2021-09-23 11:30:00', '2021-09-23 12:00:00', 368, 43, NULL, NULL),
(2253, '2021-09-23 12:00:00', '2021-09-23 12:30:00', 368, 43, NULL, NULL),
(2254, '2021-09-24 13:30:00', '2021-09-24 14:00:00', 369, 43, NULL, NULL),
(2255, '2021-09-24 14:00:00', '2021-09-24 14:30:00', 369, 43, NULL, NULL),
(2256, '2021-09-24 14:30:00', '2021-09-24 15:00:00', 369, 43, NULL, NULL),
(2257, '2021-09-24 15:00:00', '2021-09-24 15:30:00', 369, 43, NULL, NULL),
(2258, '2021-09-24 15:30:00', '2021-09-24 16:00:00', 369, 43, 10, 1),
(2259, '2021-09-24 16:00:00', '2021-09-24 16:30:00', 369, 43, NULL, NULL);
INSERT INTO `visits` (`id`, `date_from`, `date_to`, `availability_id`, `doctor_id`, `service_id`, `patient_id`) VALUES
(2260, '2021-09-29 08:30:00', '2021-09-29 09:00:00', 370, 43, NULL, NULL),
(2261, '2021-09-29 09:00:00', '2021-09-29 09:30:00', 370, 43, NULL, NULL),
(2262, '2021-09-29 09:30:00', '2021-09-29 10:00:00', 370, 43, NULL, NULL),
(2263, '2021-09-29 10:00:00', '2021-09-29 10:30:00', 370, 43, 11, 18),
(2264, '2021-09-27 11:30:00', '2021-09-27 12:00:00', 371, 43, NULL, NULL),
(2265, '2021-09-27 12:00:00', '2021-09-27 12:30:00', 371, 43, NULL, NULL),
(2266, '2021-09-27 12:30:00', '2021-09-27 13:00:00', 371, 43, NULL, NULL),
(2267, '2021-09-27 13:00:00', '2021-09-27 13:30:00', 371, 43, NULL, NULL),
(2268, '2021-09-27 13:30:00', '2021-09-27 14:00:00', 371, 43, NULL, NULL),
(2269, '2021-09-27 14:00:00', '2021-09-27 14:30:00', 371, 43, NULL, NULL),
(2270, '2021-09-27 14:30:00', '2021-09-27 15:00:00', 371, 43, NULL, NULL),
(2271, '2021-09-17 08:00:00', '2021-09-17 08:30:00', 372, 44, NULL, NULL),
(2272, '2021-09-17 08:30:00', '2021-09-17 09:00:00', 372, 44, NULL, NULL),
(2273, '2021-09-17 09:00:00', '2021-09-17 09:30:00', 372, 44, NULL, NULL),
(2274, '2021-09-17 09:30:00', '2021-09-17 10:00:00', 372, 44, NULL, NULL),
(2275, '2021-09-17 10:00:00', '2021-09-17 10:30:00', 372, 44, NULL, NULL),
(2276, '2021-09-17 10:30:00', '2021-09-17 11:00:00', 372, 44, 5, 8),
(2277, '2021-09-16 12:00:00', '2021-09-16 12:30:00', 373, 44, NULL, NULL),
(2278, '2021-09-16 12:30:00', '2021-09-16 13:00:00', 373, 44, NULL, NULL),
(2279, '2021-09-16 13:00:00', '2021-09-16 13:30:00', 373, 44, NULL, NULL),
(2280, '2021-09-16 13:30:00', '2021-09-16 14:00:00', 373, 44, NULL, NULL),
(2281, '2021-09-16 14:00:00', '2021-09-16 14:30:00', 373, 44, NULL, NULL),
(2282, '2021-09-16 14:30:00', '2021-09-16 15:00:00', 373, 44, NULL, NULL),
(2283, '2021-09-16 15:00:00', '2021-09-16 15:30:00', 373, 44, NULL, NULL),
(2284, '2021-09-13 09:00:00', '2021-09-13 09:30:00', 374, 44, NULL, NULL),
(2285, '2021-09-06 09:30:00', '2021-09-06 10:00:00', 375, 44, 7, 16),
(2286, '2021-09-06 10:00:00', '2021-09-06 10:30:00', 375, 44, NULL, NULL),
(2287, '2021-09-06 10:30:00', '2021-09-06 11:00:00', 375, 44, NULL, NULL),
(2288, '2021-09-21 09:30:00', '2021-09-21 10:00:00', 376, 44, NULL, NULL),
(2289, '2021-09-21 10:00:00', '2021-09-21 10:30:00', 376, 44, NULL, NULL),
(2290, '2021-09-21 10:30:00', '2021-09-21 11:00:00', 376, 44, NULL, NULL),
(2291, '2021-09-21 11:00:00', '2021-09-21 11:30:00', 376, 44, 4, 2),
(2292, '2021-09-21 11:30:00', '2021-09-21 12:00:00', 376, 44, NULL, NULL),
(2293, '2021-09-21 12:00:00', '2021-09-21 12:30:00', 376, 44, NULL, NULL),
(2294, '2021-09-21 12:30:00', '2021-09-21 13:00:00', 376, 44, NULL, NULL),
(2295, '2021-09-23 08:00:00', '2021-09-23 08:30:00', 377, 44, NULL, NULL),
(2296, '2021-09-23 08:30:00', '2021-09-23 09:00:00', 377, 44, NULL, NULL),
(2297, '2021-09-23 09:00:00', '2021-09-23 09:30:00', 377, 44, NULL, NULL),
(2298, '2021-09-23 09:30:00', '2021-09-23 10:00:00', 377, 44, NULL, NULL),
(2299, '2021-09-23 10:00:00', '2021-09-23 10:30:00', 377, 44, NULL, NULL),
(2300, '2021-09-23 10:30:00', '2021-09-23 11:00:00', 377, 44, NULL, NULL),
(2301, '2021-09-23 11:00:00', '2021-09-23 11:30:00', 377, 44, NULL, NULL),
(2302, '2021-09-23 11:30:00', '2021-09-23 12:00:00', 377, 44, NULL, NULL),
(2303, '2021-09-23 12:00:00', '2021-09-23 12:30:00', 377, 44, NULL, NULL),
(2304, '2021-09-23 12:30:00', '2021-09-23 13:00:00', 377, 44, NULL, NULL),
(2305, '2021-09-23 13:00:00', '2021-09-23 13:30:00', 377, 44, NULL, NULL),
(2306, '2021-09-23 13:30:00', '2021-09-23 14:00:00', 377, 44, NULL, NULL),
(2307, '2021-09-23 14:00:00', '2021-09-23 14:30:00', 377, 44, 2, 1),
(2308, '2021-09-23 14:30:00', '2021-09-23 15:00:00', 377, 44, NULL, NULL),
(2309, '2021-09-23 15:00:00', '2021-09-23 15:30:00', 377, 44, NULL, NULL),
(2310, '2021-09-22 15:30:00', '2021-09-22 16:00:00', 378, 44, NULL, NULL),
(2311, '2021-09-22 16:00:00', '2021-09-22 16:30:00', 378, 44, NULL, NULL),
(2312, '2021-09-22 16:30:00', '2021-09-22 17:00:00', 378, 44, NULL, NULL),
(2313, '2021-09-22 17:00:00', '2021-09-22 17:30:00', 378, 44, NULL, NULL),
(2314, '2021-09-27 12:30:00', '2021-09-27 13:00:00', 379, 44, 2, 6),
(2315, '2021-09-27 13:00:00', '2021-09-27 13:30:00', 379, 44, NULL, NULL),
(2316, '2021-09-27 13:30:00', '2021-09-27 14:00:00', 379, 44, NULL, NULL),
(2317, '2021-09-27 14:00:00', '2021-09-27 14:30:00', 379, 44, NULL, NULL),
(2318, '2021-09-27 14:30:00', '2021-09-27 15:00:00', 379, 44, NULL, NULL),
(2319, '2021-09-27 15:00:00', '2021-09-27 15:30:00', 379, 44, NULL, NULL),
(2320, '2021-09-29 09:30:00', '2021-09-29 10:00:00', 380, 44, NULL, NULL),
(2321, '2021-09-29 10:00:00', '2021-09-29 10:30:00', 380, 44, NULL, NULL),
(2322, '2021-09-29 10:30:00', '2021-09-29 11:00:00', 380, 44, NULL, NULL),
(2323, '2021-09-29 11:00:00', '2021-09-29 11:30:00', 380, 44, NULL, NULL),
(2324, '2021-09-29 11:30:00', '2021-09-29 12:00:00', 380, 44, NULL, NULL),
(2325, '2021-09-29 12:00:00', '2021-09-29 12:30:00', 380, 44, 5, 15),
(2326, '2021-09-29 12:30:00', '2021-09-29 13:00:00', 380, 44, NULL, NULL),
(2327, '2021-09-29 13:00:00', '2021-09-29 13:30:00', 380, 44, NULL, NULL),
(2328, '2021-09-30 13:30:00', '2021-09-30 14:00:00', 381, 44, 4, 7),
(2329, '2021-09-30 14:00:00', '2021-09-30 14:30:00', 381, 44, NULL, NULL),
(2330, '2021-09-30 14:30:00', '2021-09-30 15:00:00', 381, 44, NULL, NULL),
(2331, '2021-09-30 15:00:00', '2021-09-30 15:30:00', 381, 44, NULL, NULL),
(2332, '2021-09-17 11:30:00', '2021-09-17 12:00:00', 382, 45, NULL, NULL),
(2333, '2021-09-17 12:00:00', '2021-09-17 12:30:00', 382, 45, NULL, NULL),
(2334, '2021-09-17 12:30:00', '2021-09-17 13:00:00', 382, 45, NULL, NULL),
(2335, '2021-09-17 13:00:00', '2021-09-17 13:30:00', 382, 45, 10, 4),
(2336, '2021-09-17 13:30:00', '2021-09-17 14:00:00', 382, 45, NULL, NULL),
(2337, '2021-09-17 14:00:00', '2021-09-17 14:30:00', 382, 45, NULL, NULL),
(2338, '2021-09-17 14:30:00', '2021-09-17 15:00:00', 382, 45, NULL, NULL),
(2339, '2021-09-17 15:00:00', '2021-09-17 15:30:00', 382, 45, NULL, NULL),
(2340, '2021-09-16 09:00:00', '2021-09-16 09:30:00', 383, 45, NULL, NULL),
(2341, '2021-09-16 09:30:00', '2021-09-16 10:00:00', 383, 45, NULL, NULL),
(2342, '2021-09-16 10:00:00', '2021-09-16 10:30:00', 383, 45, NULL, NULL),
(2343, '2021-09-16 10:30:00', '2021-09-16 11:00:00', 383, 45, NULL, NULL),
(2344, '2021-09-13 10:30:00', '2021-09-13 11:00:00', 384, 45, NULL, NULL),
(2345, '2021-09-06 09:30:00', '2021-09-06 10:00:00', 385, 45, NULL, NULL),
(2346, '2021-09-06 10:00:00', '2021-09-06 10:30:00', 385, 45, NULL, NULL),
(2347, '2021-09-06 10:30:00', '2021-09-06 11:00:00', 385, 45, NULL, NULL),
(2348, '2021-09-06 11:00:00', '2021-09-06 11:30:00', 385, 45, NULL, NULL),
(2349, '2021-09-08 10:00:00', '2021-09-08 10:30:00', 386, 45, NULL, NULL),
(2350, '2021-09-20 09:00:00', '2021-09-20 09:30:00', 387, 45, NULL, NULL),
(2351, '2021-09-20 09:30:00', '2021-09-20 10:00:00', 387, 45, 9, 7),
(2352, '2021-09-20 10:00:00', '2021-09-20 10:30:00', 387, 45, NULL, NULL),
(2353, '2021-09-20 10:30:00', '2021-09-20 11:00:00', 387, 45, NULL, NULL),
(2354, '2021-09-20 11:00:00', '2021-09-20 11:30:00', 387, 45, NULL, NULL),
(2355, '2021-09-20 11:30:00', '2021-09-20 12:00:00', 387, 45, NULL, NULL),
(2356, '2021-09-20 12:00:00', '2021-09-20 12:30:00', 387, 45, NULL, NULL),
(2357, '2021-09-20 12:30:00', '2021-09-20 13:00:00', 387, 45, NULL, NULL),
(2358, '2021-09-20 13:00:00', '2021-09-20 13:30:00', 387, 45, NULL, NULL),
(2359, '2021-09-20 13:30:00', '2021-09-20 14:00:00', 387, 45, NULL, NULL),
(2360, '2021-09-20 14:00:00', '2021-09-20 14:30:00', 387, 45, NULL, NULL),
(2361, '2021-09-20 14:30:00', '2021-09-20 15:00:00', 387, 45, NULL, NULL),
(2362, '2021-09-20 15:00:00', '2021-09-20 15:30:00', 387, 45, NULL, NULL),
(2363, '2021-09-20 15:30:00', '2021-09-20 16:00:00', 387, 45, NULL, NULL),
(2364, '2021-09-20 16:00:00', '2021-09-20 16:30:00', 387, 45, 10, 12),
(2365, '2021-09-22 10:00:00', '2021-09-22 10:30:00', 388, 45, NULL, NULL),
(2366, '2021-09-22 10:30:00', '2021-09-22 11:00:00', 388, 45, NULL, NULL),
(2367, '2021-09-22 11:00:00', '2021-09-22 11:30:00', 388, 45, NULL, NULL),
(2368, '2021-09-22 11:30:00', '2021-09-22 12:00:00', 388, 45, NULL, NULL),
(2369, '2021-09-23 14:30:00', '2021-09-23 15:00:00', 389, 45, NULL, NULL),
(2370, '2021-09-23 15:00:00', '2021-09-23 15:30:00', 389, 45, NULL, NULL),
(2371, '2021-09-23 15:30:00', '2021-09-23 16:00:00', 389, 45, NULL, NULL),
(2372, '2021-09-23 16:00:00', '2021-09-23 16:30:00', 389, 45, NULL, NULL),
(2373, '2021-09-23 16:30:00', '2021-09-23 17:00:00', 389, 45, NULL, NULL),
(2374, '2021-09-23 17:00:00', '2021-09-23 17:30:00', 389, 45, NULL, NULL),
(2375, '2021-09-23 17:30:00', '2021-09-23 18:00:00', 389, 45, NULL, NULL),
(2376, '2021-09-23 18:00:00', '2021-09-23 18:30:00', 389, 45, NULL, NULL),
(2377, '2021-09-27 10:30:00', '2021-09-27 11:00:00', 390, 45, NULL, NULL),
(2378, '2021-09-27 11:00:00', '2021-09-27 11:30:00', 390, 45, NULL, NULL),
(2379, '2021-09-27 11:30:00', '2021-09-27 12:00:00', 390, 45, NULL, NULL),
(2380, '2021-09-27 12:00:00', '2021-09-27 12:30:00', 390, 45, 9, 11),
(2381, '2021-09-27 12:30:00', '2021-09-27 13:00:00', 390, 45, NULL, NULL),
(2382, '2021-09-27 13:00:00', '2021-09-27 13:30:00', 390, 45, NULL, NULL),
(2383, '2021-09-27 13:30:00', '2021-09-27 14:00:00', 390, 45, NULL, NULL),
(2384, '2021-09-29 12:30:00', '2021-09-29 13:00:00', 391, 45, NULL, NULL),
(2385, '2021-09-29 13:00:00', '2021-09-29 13:30:00', 391, 45, NULL, NULL),
(2386, '2021-09-29 13:30:00', '2021-09-29 14:00:00', 391, 45, NULL, NULL),
(2387, '2021-09-29 14:00:00', '2021-09-29 14:30:00', 391, 45, NULL, NULL),
(2388, '2021-09-29 14:30:00', '2021-09-29 15:00:00', 391, 45, NULL, NULL),
(2389, '2021-09-29 15:00:00', '2021-09-29 15:30:00', 391, 45, NULL, NULL),
(2390, '2021-09-29 15:30:00', '2021-09-29 16:00:00', 391, 45, NULL, NULL),
(2391, '2021-09-30 11:00:00', '2021-09-30 11:30:00', 392, 45, NULL, NULL),
(2392, '2021-09-30 11:30:00', '2021-09-30 12:00:00', 392, 45, NULL, NULL),
(2393, '2021-09-30 12:00:00', '2021-09-30 12:30:00', 392, 45, NULL, NULL),
(2394, '2021-09-13 10:00:00', '2021-09-13 10:30:00', 393, 46, NULL, NULL),
(2395, '2021-09-13 10:30:00', '2021-09-13 11:00:00', 393, 46, 13, 13),
(2396, '2021-09-14 11:30:00', '2021-09-14 12:00:00', 394, 46, NULL, NULL),
(2397, '2021-09-14 12:00:00', '2021-09-14 12:30:00', 394, 46, NULL, NULL),
(2398, '2021-09-16 09:00:00', '2021-09-16 09:30:00', 395, 46, NULL, NULL),
(2399, '2021-09-16 09:30:00', '2021-09-16 10:00:00', 395, 46, NULL, NULL),
(2400, '2021-09-16 10:00:00', '2021-09-16 10:30:00', 395, 46, NULL, NULL),
(2401, '2021-09-16 10:30:00', '2021-09-16 11:00:00', 395, 46, NULL, NULL),
(2402, '2021-09-16 11:00:00', '2021-09-16 11:30:00', 395, 46, NULL, NULL),
(2403, '2021-09-16 11:30:00', '2021-09-16 12:00:00', 395, 46, NULL, NULL),
(2404, '2021-09-16 12:00:00', '2021-09-16 12:30:00', 395, 46, NULL, NULL),
(2405, '2021-09-16 12:30:00', '2021-09-16 13:00:00', 395, 46, NULL, NULL),
(2406, '2021-09-16 13:00:00', '2021-09-16 13:30:00', 395, 46, NULL, NULL),
(2407, '2021-09-16 13:30:00', '2021-09-16 14:00:00', 395, 46, 13, 17),
(2408, '2021-09-16 14:00:00', '2021-09-16 14:30:00', 395, 46, NULL, NULL),
(2409, '2021-09-16 14:30:00', '2021-09-16 15:00:00', 395, 46, NULL, NULL),
(2410, '2021-09-20 10:00:00', '2021-09-20 10:30:00', 396, 46, NULL, NULL),
(2411, '2021-09-20 10:30:00', '2021-09-20 11:00:00', 396, 46, NULL, NULL),
(2412, '2021-09-20 11:00:00', '2021-09-20 11:30:00', 396, 46, NULL, NULL),
(2413, '2021-09-20 11:30:00', '2021-09-20 12:00:00', 396, 46, NULL, NULL),
(2414, '2021-09-20 12:00:00', '2021-09-20 12:30:00', 396, 46, NULL, NULL),
(2415, '2021-09-20 12:30:00', '2021-09-20 13:00:00', 396, 46, NULL, NULL),
(2416, '2021-09-20 13:00:00', '2021-09-20 13:30:00', 396, 46, NULL, NULL),
(2417, '2021-09-20 13:30:00', '2021-09-20 14:00:00', 396, 46, NULL, NULL),
(2418, '2021-09-21 13:00:00', '2021-09-21 13:30:00', 397, 46, 13, 4),
(2419, '2021-09-21 13:30:00', '2021-09-21 14:00:00', 397, 46, NULL, NULL),
(2420, '2021-09-21 14:00:00', '2021-09-21 14:30:00', 397, 46, NULL, NULL),
(2421, '2021-09-21 14:30:00', '2021-09-21 15:00:00', 397, 46, NULL, NULL),
(2422, '2021-09-21 15:00:00', '2021-09-21 15:30:00', 397, 46, NULL, NULL),
(2423, '2021-09-21 15:30:00', '2021-09-21 16:00:00', 397, 46, NULL, NULL),
(2424, '2021-09-21 16:00:00', '2021-09-21 16:30:00', 397, 46, NULL, NULL),
(2425, '2021-09-23 08:00:00', '2021-09-23 08:30:00', 398, 46, NULL, NULL),
(2426, '2021-09-23 08:30:00', '2021-09-23 09:00:00', 398, 46, NULL, NULL),
(2427, '2021-09-23 09:00:00', '2021-09-23 09:30:00', 398, 46, NULL, NULL),
(2428, '2021-09-23 09:30:00', '2021-09-23 10:00:00', 398, 46, NULL, NULL),
(2429, '2021-09-23 10:00:00', '2021-09-23 10:30:00', 398, 46, NULL, NULL),
(2430, '2021-09-27 16:00:00', '2021-09-27 16:30:00', 399, 46, NULL, NULL),
(2431, '2021-09-27 16:30:00', '2021-09-27 17:00:00', 399, 46, NULL, NULL),
(2432, '2021-09-27 17:00:00', '2021-09-27 17:30:00', 399, 46, 13, 5),
(2433, '2021-09-27 17:30:00', '2021-09-27 18:00:00', 399, 46, NULL, NULL),
(2434, '2021-09-27 18:00:00', '2021-09-27 18:30:00', 399, 46, NULL, NULL),
(2435, '2021-09-29 10:00:00', '2021-09-29 10:30:00', 400, 46, NULL, NULL),
(2436, '2021-09-29 10:30:00', '2021-09-29 11:00:00', 400, 46, NULL, NULL),
(2437, '2021-09-29 11:00:00', '2021-09-29 11:30:00', 400, 46, NULL, NULL),
(2438, '2021-09-29 11:30:00', '2021-09-29 12:00:00', 400, 46, NULL, NULL),
(2439, '2021-09-28 10:30:00', '2021-09-28 11:00:00', 401, 46, NULL, NULL),
(2440, '2021-09-28 11:00:00', '2021-09-28 11:30:00', 401, 46, NULL, NULL),
(2441, '2021-09-28 11:30:00', '2021-09-28 12:00:00', 401, 46, NULL, NULL),
(2442, '2021-09-28 12:00:00', '2021-09-28 12:30:00', 401, 46, NULL, NULL),
(2443, '2021-09-28 12:30:00', '2021-09-28 13:00:00', 401, 46, NULL, NULL),
(2444, '2021-09-28 13:00:00', '2021-09-28 13:30:00', 401, 46, NULL, NULL),
(2445, '2021-09-28 13:30:00', '2021-09-28 14:00:00', 401, 46, NULL, NULL),
(2446, '2021-09-28 14:00:00', '2021-09-28 14:30:00', 401, 46, NULL, NULL),
(2447, '2021-09-28 14:30:00', '2021-09-28 15:00:00', 401, 46, NULL, NULL),
(2448, '2021-09-28 15:00:00', '2021-09-28 15:30:00', 401, 46, 13, 18),
(2449, '2021-09-28 15:30:00', '2021-09-28 16:00:00', 401, 46, NULL, NULL),
(2450, '2021-09-28 16:00:00', '2021-09-28 16:30:00', 401, 46, NULL, NULL),
(2451, '2021-10-01 12:00:00', '2021-10-01 12:30:00', 402, 46, NULL, NULL),
(2452, '2021-10-01 12:30:00', '2021-10-01 13:00:00', 402, 46, NULL, NULL),
(2453, '2021-10-01 13:00:00', '2021-10-01 13:30:00', 402, 46, NULL, NULL),
(2454, '2021-10-01 13:30:00', '2021-10-01 14:00:00', 402, 46, NULL, NULL),
(2455, '2021-10-01 14:00:00', '2021-10-01 14:30:00', 402, 46, NULL, NULL),
(2456, '2021-09-13 11:30:00', '2021-09-13 12:00:00', 403, 47, NULL, NULL),
(2457, '2021-09-13 12:00:00', '2021-09-13 12:30:00', 403, 47, 13, 8),
(2458, '2021-09-14 13:00:00', '2021-09-14 13:30:00', 404, 47, NULL, NULL),
(2459, '2021-09-14 13:30:00', '2021-09-14 14:00:00', 404, 47, 13, 3),
(2460, '2021-09-14 14:00:00', '2021-09-14 14:30:00', 404, 47, NULL, NULL),
(2461, '2021-09-16 11:30:00', '2021-09-16 12:00:00', 405, 47, NULL, NULL),
(2462, '2021-09-16 12:00:00', '2021-09-16 12:30:00', 405, 47, NULL, NULL),
(2463, '2021-09-16 12:30:00', '2021-09-16 13:00:00', 405, 47, NULL, NULL),
(2464, '2021-09-16 13:00:00', '2021-09-16 13:30:00', 405, 47, NULL, NULL),
(2465, '2021-09-16 13:30:00', '2021-09-16 14:00:00', 405, 47, NULL, NULL),
(2466, '2021-09-16 14:00:00', '2021-09-16 14:30:00', 405, 47, NULL, NULL),
(2467, '2021-09-17 08:00:00', '2021-09-17 08:30:00', 406, 47, NULL, NULL),
(2468, '2021-09-17 08:30:00', '2021-09-17 09:00:00', 406, 47, NULL, NULL),
(2469, '2021-09-17 09:00:00', '2021-09-17 09:30:00', 406, 47, NULL, NULL),
(2470, '2021-09-17 09:30:00', '2021-09-17 10:00:00', 406, 47, NULL, NULL),
(2471, '2021-09-20 13:30:00', '2021-09-20 14:00:00', 407, 47, NULL, NULL),
(2472, '2021-09-20 14:00:00', '2021-09-20 14:30:00', 407, 47, NULL, NULL),
(2473, '2021-09-20 14:30:00', '2021-09-20 15:00:00', 407, 47, 13, 1),
(2474, '2021-09-20 15:00:00', '2021-09-20 15:30:00', 407, 47, NULL, NULL),
(2475, '2021-09-20 15:30:00', '2021-09-20 16:00:00', 407, 47, NULL, NULL),
(2476, '2021-09-20 16:00:00', '2021-09-20 16:30:00', 407, 47, NULL, NULL),
(2477, '2021-09-20 16:30:00', '2021-09-20 17:00:00', 407, 47, NULL, NULL),
(2478, '2021-09-20 17:00:00', '2021-09-20 17:30:00', 407, 47, NULL, NULL),
(2479, '2021-09-20 17:30:00', '2021-09-20 18:00:00', 407, 47, NULL, NULL),
(2480, '2021-09-22 09:00:00', '2021-09-22 09:30:00', 408, 47, NULL, NULL),
(2481, '2021-09-22 09:30:00', '2021-09-22 10:00:00', 408, 47, NULL, NULL),
(2482, '2021-09-22 10:00:00', '2021-09-22 10:30:00', 408, 47, NULL, NULL),
(2483, '2021-09-22 10:30:00', '2021-09-22 11:00:00', 408, 47, NULL, NULL),
(2484, '2021-09-22 11:00:00', '2021-09-22 11:30:00', 408, 47, NULL, NULL),
(2485, '2021-09-22 11:30:00', '2021-09-22 12:00:00', 408, 47, NULL, NULL),
(2486, '2021-09-22 12:00:00', '2021-09-22 12:30:00', 408, 47, NULL, NULL),
(2487, '2021-09-22 12:30:00', '2021-09-22 13:00:00', 408, 47, 13, 16),
(2488, '2021-09-22 13:00:00', '2021-09-22 13:30:00', 408, 47, NULL, NULL),
(2489, '2021-09-22 13:30:00', '2021-09-22 14:00:00', 408, 47, NULL, NULL),
(2490, '2021-09-22 14:00:00', '2021-09-22 14:30:00', 408, 47, NULL, NULL),
(2491, '2021-09-22 14:30:00', '2021-09-22 15:00:00', 408, 47, NULL, NULL),
(2492, '2021-09-22 15:00:00', '2021-09-22 15:30:00', 408, 47, NULL, NULL),
(2493, '2021-09-22 15:30:00', '2021-09-22 16:00:00', 408, 47, NULL, NULL),
(2494, '2021-09-23 08:00:00', '2021-09-23 08:30:00', 409, 47, NULL, NULL),
(2495, '2021-09-23 08:30:00', '2021-09-23 09:00:00', 409, 47, NULL, NULL),
(2496, '2021-09-23 09:00:00', '2021-09-23 09:30:00', 409, 47, NULL, NULL),
(2497, '2021-09-23 09:30:00', '2021-09-23 10:00:00', 409, 47, 13, 12),
(2498, '2021-09-23 10:00:00', '2021-09-23 10:30:00', 409, 47, NULL, NULL),
(2499, '2021-09-23 10:30:00', '2021-09-23 11:00:00', 409, 47, NULL, NULL),
(2500, '2021-09-27 08:30:00', '2021-09-27 09:00:00', 410, 47, NULL, NULL),
(2501, '2021-09-27 09:00:00', '2021-09-27 09:30:00', 410, 47, NULL, NULL),
(2502, '2021-09-27 09:30:00', '2021-09-27 10:00:00', 410, 47, NULL, NULL),
(2503, '2021-09-27 10:00:00', '2021-09-27 10:30:00', 410, 47, NULL, NULL),
(2504, '2021-09-27 10:30:00', '2021-09-27 11:00:00', 410, 47, NULL, NULL),
(2505, '2021-09-27 11:00:00', '2021-09-27 11:30:00', 410, 47, NULL, NULL),
(2506, '2021-09-28 11:00:00', '2021-09-28 11:30:00', 411, 47, NULL, NULL),
(2507, '2021-09-28 11:30:00', '2021-09-28 12:00:00', 411, 47, NULL, NULL),
(2508, '2021-09-28 12:00:00', '2021-09-28 12:30:00', 411, 47, NULL, NULL),
(2509, '2021-09-28 12:30:00', '2021-09-28 13:00:00', 411, 47, NULL, NULL),
(2510, '2021-09-30 12:30:00', '2021-09-30 13:00:00', 412, 47, NULL, NULL),
(2511, '2021-09-30 13:00:00', '2021-09-30 13:30:00', 412, 47, NULL, NULL),
(2512, '2021-09-30 13:30:00', '2021-09-30 14:00:00', 412, 47, NULL, NULL),
(2513, '2021-09-30 14:00:00', '2021-09-30 14:30:00', 412, 47, 13, 15),
(2514, '2021-09-30 14:30:00', '2021-09-30 15:00:00', 412, 47, NULL, NULL),
(2515, '2021-09-30 15:00:00', '2021-09-30 15:30:00', 412, 47, NULL, NULL),
(2516, '2021-09-30 15:30:00', '2021-09-30 16:00:00', 412, 47, NULL, NULL),
(2517, '2021-09-30 16:00:00', '2021-09-30 16:30:00', 412, 47, NULL, NULL),
(2518, '2021-09-30 16:30:00', '2021-09-30 17:00:00', 412, 47, NULL, NULL),
(2519, '2021-09-30 17:00:00', '2021-09-30 17:30:00', 412, 47, NULL, NULL),
(2520, '2021-09-30 17:30:00', '2021-09-30 18:00:00', 412, 47, NULL, NULL),
(2521, '2021-09-17 09:00:00', '2021-09-17 09:30:00', 413, 48, NULL, NULL),
(2522, '2021-09-17 09:30:00', '2021-09-17 10:00:00', 413, 48, NULL, NULL),
(2523, '2021-09-17 10:00:00', '2021-09-17 10:30:00', 413, 48, NULL, NULL),
(2524, '2021-09-17 10:30:00', '2021-09-17 11:00:00', 413, 48, NULL, NULL),
(2525, '2021-09-17 11:00:00', '2021-09-17 11:30:00', 413, 48, NULL, NULL),
(2526, '2021-09-17 11:30:00', '2021-09-17 12:00:00', 413, 48, 14, 10),
(2527, '2021-09-17 12:00:00', '2021-09-17 12:30:00', 413, 48, NULL, NULL),
(2528, '2021-09-17 12:30:00', '2021-09-17 13:00:00', 413, 48, 14, 18),
(2529, '2021-09-17 13:00:00', '2021-09-17 13:30:00', 413, 48, NULL, NULL),
(2530, '2021-09-17 13:30:00', '2021-09-17 14:00:00', 413, 48, NULL, NULL),
(2531, '2021-09-17 14:00:00', '2021-09-17 14:30:00', 413, 48, NULL, NULL),
(2532, '2021-09-17 14:30:00', '2021-09-17 15:00:00', 413, 48, NULL, NULL),
(2533, '2021-09-16 12:30:00', '2021-09-16 13:00:00', 414, 48, NULL, NULL),
(2534, '2021-09-16 13:00:00', '2021-09-16 13:30:00', 414, 48, NULL, NULL),
(2535, '2021-09-13 09:30:00', '2021-09-13 10:00:00', 415, 48, NULL, NULL),
(2536, '2021-09-13 10:00:00', '2021-09-13 10:30:00', 415, 48, NULL, NULL),
(2537, '2021-09-06 11:30:00', '2021-09-06 12:00:00', 416, 48, 15, 2),
(2538, '2021-09-06 12:00:00', '2021-09-06 12:30:00', 416, 48, NULL, NULL),
(2539, '2021-09-08 10:00:00', '2021-09-08 10:30:00', 417, 48, NULL, NULL),
(2540, '2021-09-20 08:30:00', '2021-09-20 09:00:00', 418, 48, NULL, NULL),
(2541, '2021-09-20 09:00:00', '2021-09-20 09:30:00', 418, 48, NULL, NULL),
(2542, '2021-09-20 09:30:00', '2021-09-20 10:00:00', 418, 48, NULL, NULL),
(2543, '2021-09-20 10:00:00', '2021-09-20 10:30:00', 418, 48, NULL, NULL),
(2544, '2021-09-22 10:30:00', '2021-09-22 11:00:00', 419, 48, NULL, NULL),
(2545, '2021-09-22 11:00:00', '2021-09-22 11:30:00', 419, 48, NULL, NULL),
(2546, '2021-09-22 11:30:00', '2021-09-22 12:00:00', 419, 48, NULL, NULL),
(2547, '2021-09-22 12:00:00', '2021-09-22 12:30:00', 419, 48, NULL, NULL),
(2548, '2021-09-22 12:30:00', '2021-09-22 13:00:00', 419, 48, NULL, NULL),
(2549, '2021-09-22 13:00:00', '2021-09-22 13:30:00', 419, 48, 15, 4),
(2550, '2021-09-22 13:30:00', '2021-09-22 14:00:00', 419, 48, NULL, NULL),
(2551, '2021-09-22 14:00:00', '2021-09-22 14:30:00', 419, 48, NULL, NULL),
(2552, '2021-09-22 14:30:00', '2021-09-22 15:00:00', 419, 48, NULL, NULL),
(2553, '2021-09-22 15:00:00', '2021-09-22 15:30:00', 419, 48, NULL, NULL),
(2554, '2021-09-22 15:30:00', '2021-09-22 16:00:00', 419, 48, NULL, NULL),
(2555, '2021-09-22 16:00:00', '2021-09-22 16:30:00', 419, 48, NULL, NULL),
(2556, '2021-09-23 09:00:00', '2021-09-23 09:30:00', 420, 48, NULL, NULL),
(2557, '2021-09-23 09:30:00', '2021-09-23 10:00:00', 420, 48, NULL, NULL),
(2558, '2021-09-23 10:00:00', '2021-09-23 10:30:00', 420, 48, NULL, NULL),
(2559, '2021-09-23 10:30:00', '2021-09-23 11:00:00', 420, 48, NULL, NULL),
(2560, '2021-09-23 11:00:00', '2021-09-23 11:30:00', 420, 48, NULL, NULL),
(2561, '2021-09-23 11:30:00', '2021-09-23 12:00:00', 420, 48, NULL, NULL),
(2562, '2021-09-23 12:00:00', '2021-09-23 12:30:00', 420, 48, NULL, NULL),
(2563, '2021-09-27 11:00:00', '2021-09-27 11:30:00', 421, 48, NULL, NULL),
(2564, '2021-09-27 11:30:00', '2021-09-27 12:00:00', 421, 48, 14, 8),
(2565, '2021-09-27 12:00:00', '2021-09-27 12:30:00', 421, 48, NULL, NULL),
(2566, '2021-09-27 12:30:00', '2021-09-27 13:00:00', 421, 48, NULL, NULL),
(2567, '2021-09-27 13:00:00', '2021-09-27 13:30:00', 421, 48, NULL, NULL),
(2568, '2021-09-27 13:30:00', '2021-09-27 14:00:00', 421, 48, NULL, NULL),
(2569, '2021-09-27 14:00:00', '2021-09-27 14:30:00', 421, 48, NULL, NULL),
(2570, '2021-09-27 14:30:00', '2021-09-27 15:00:00', 421, 48, NULL, NULL),
(2571, '2021-09-27 15:00:00', '2021-09-27 15:30:00', 421, 48, NULL, NULL),
(2572, '2021-09-27 15:30:00', '2021-09-27 16:00:00', 421, 48, NULL, NULL),
(2573, '2021-09-27 16:00:00', '2021-09-27 16:30:00', 421, 48, NULL, NULL),
(2574, '2021-09-28 10:00:00', '2021-09-28 10:30:00', 422, 48, NULL, NULL),
(2575, '2021-09-28 10:30:00', '2021-09-28 11:00:00', 422, 48, NULL, NULL),
(2576, '2021-09-28 11:00:00', '2021-09-28 11:30:00', 422, 48, NULL, NULL),
(2577, '2021-09-28 11:30:00', '2021-09-28 12:00:00', 422, 48, NULL, NULL),
(2578, '2021-09-28 12:00:00', '2021-09-28 12:30:00', 422, 48, 14, 9),
(2579, '2021-09-30 14:30:00', '2021-09-30 15:00:00', 423, 48, NULL, NULL),
(2580, '2021-09-30 15:00:00', '2021-09-30 15:30:00', 423, 48, NULL, NULL),
(2581, '2021-09-30 15:30:00', '2021-09-30 16:00:00', 423, 48, NULL, NULL),
(2582, '2021-09-30 16:00:00', '2021-09-30 16:30:00', 423, 48, NULL, NULL),
(2583, '2021-09-30 16:30:00', '2021-09-30 17:00:00', 423, 48, NULL, NULL),
(2584, '2021-09-30 17:00:00', '2021-09-30 17:30:00', 423, 48, NULL, NULL),
(2585, '2021-09-30 17:30:00', '2021-09-30 18:00:00', 423, 48, NULL, NULL),
(2586, '2021-09-30 18:00:00', '2021-09-30 18:30:00', 423, 48, 15, 13),
(2587, '2021-09-30 18:30:00', '2021-09-30 19:00:00', 423, 48, NULL, NULL),
(2588, '2021-09-13 08:30:00', '2021-09-13 09:00:00', 424, 49, NULL, NULL),
(2589, '2021-09-13 09:00:00', '2021-09-13 09:30:00', 424, 49, 16, 13),
(2590, '2021-09-06 11:00:00', '2021-09-06 11:30:00', 425, 49, NULL, NULL),
(2591, '2021-09-09 08:30:00', '2021-09-09 09:00:00', 426, 49, NULL, NULL),
(2592, '2021-09-16 08:30:00', '2021-09-16 09:00:00', 427, 49, NULL, NULL),
(2593, '2021-09-16 09:00:00', '2021-09-16 09:30:00', 427, 49, 14, 7),
(2594, '2021-09-16 09:30:00', '2021-09-16 10:00:00', 427, 49, NULL, NULL),
(2595, '2021-09-16 10:00:00', '2021-09-16 10:30:00', 427, 49, NULL, NULL),
(2596, '2021-09-16 10:30:00', '2021-09-16 11:00:00', 427, 49, NULL, NULL),
(2597, '2021-09-16 11:00:00', '2021-09-16 11:30:00', 427, 49, NULL, NULL),
(2598, '2021-09-17 11:00:00', '2021-09-17 11:30:00', 428, 49, NULL, NULL),
(2599, '2021-09-17 11:30:00', '2021-09-17 12:00:00', 428, 49, NULL, NULL),
(2600, '2021-09-17 12:00:00', '2021-09-17 12:30:00', 428, 49, NULL, NULL),
(2601, '2021-09-17 12:30:00', '2021-09-17 13:00:00', 428, 49, 15, 1),
(2602, '2021-09-17 13:00:00', '2021-09-17 13:30:00', 428, 49, NULL, NULL),
(2603, '2021-09-17 13:30:00', '2021-09-17 14:00:00', 428, 49, NULL, NULL),
(2604, '2021-09-17 14:00:00', '2021-09-17 14:30:00', 428, 49, NULL, NULL),
(2605, '2021-09-21 08:30:00', '2021-09-21 09:00:00', 429, 49, NULL, NULL),
(2606, '2021-09-21 09:00:00', '2021-09-21 09:30:00', 429, 49, NULL, NULL),
(2607, '2021-09-21 09:30:00', '2021-09-21 10:00:00', 429, 49, NULL, NULL),
(2608, '2021-09-21 10:00:00', '2021-09-21 10:30:00', 429, 49, NULL, NULL),
(2609, '2021-09-21 10:30:00', '2021-09-21 11:00:00', 429, 49, 14, 12),
(2610, '2021-09-21 11:00:00', '2021-09-21 11:30:00', 429, 49, NULL, NULL),
(2611, '2021-09-21 11:30:00', '2021-09-21 12:00:00', 429, 49, NULL, NULL),
(2612, '2021-09-21 12:00:00', '2021-09-21 12:30:00', 429, 49, 16, 5),
(2613, '2021-09-21 12:30:00', '2021-09-21 13:00:00', 429, 49, NULL, NULL),
(2614, '2021-09-21 13:00:00', '2021-09-21 13:30:00', 429, 49, NULL, NULL),
(2615, '2021-09-21 13:30:00', '2021-09-21 14:00:00', 429, 49, NULL, NULL),
(2616, '2021-09-21 14:00:00', '2021-09-21 14:30:00', 429, 49, NULL, NULL),
(2617, '2021-09-21 14:30:00', '2021-09-21 15:00:00', 429, 49, NULL, NULL),
(2618, '2021-09-21 15:00:00', '2021-09-21 15:30:00', 429, 49, NULL, NULL),
(2619, '2021-09-21 15:30:00', '2021-09-21 16:00:00', 429, 49, NULL, NULL),
(2620, '2021-09-22 14:00:00', '2021-09-22 14:30:00', 430, 49, NULL, NULL),
(2621, '2021-09-22 14:30:00', '2021-09-22 15:00:00', 430, 49, NULL, NULL),
(2622, '2021-09-22 15:00:00', '2021-09-22 15:30:00', 430, 49, NULL, NULL),
(2623, '2021-09-22 15:30:00', '2021-09-22 16:00:00', 430, 49, NULL, NULL),
(2624, '2021-09-22 16:00:00', '2021-09-22 16:30:00', 430, 49, NULL, NULL),
(2625, '2021-09-22 16:30:00', '2021-09-22 17:00:00', 430, 49, NULL, NULL),
(2626, '2021-09-22 17:00:00', '2021-09-22 17:30:00', 430, 49, NULL, NULL),
(2627, '2021-09-22 17:30:00', '2021-09-22 18:00:00', 430, 49, NULL, NULL),
(2628, '2021-09-22 18:00:00', '2021-09-22 18:30:00', 430, 49, NULL, NULL),
(2629, '2021-09-23 10:00:00', '2021-09-23 10:30:00', 431, 49, 16, 3),
(2630, '2021-09-23 10:30:00', '2021-09-23 11:00:00', 431, 49, NULL, NULL),
(2631, '2021-09-23 11:00:00', '2021-09-23 11:30:00', 431, 49, NULL, NULL),
(2632, '2021-09-23 11:30:00', '2021-09-23 12:00:00', 431, 49, NULL, NULL),
(2633, '2021-09-23 12:00:00', '2021-09-23 12:30:00', 431, 49, NULL, NULL),
(2634, '2021-09-28 08:00:00', '2021-09-28 08:30:00', 432, 49, NULL, NULL),
(2635, '2021-09-28 08:30:00', '2021-09-28 09:00:00', 432, 49, NULL, NULL),
(2636, '2021-09-28 09:00:00', '2021-09-28 09:30:00', 432, 49, NULL, NULL),
(2637, '2021-09-28 09:30:00', '2021-09-28 10:00:00', 432, 49, NULL, NULL),
(2638, '2021-09-28 10:00:00', '2021-09-28 10:30:00', 432, 49, NULL, NULL),
(2639, '2021-09-28 10:30:00', '2021-09-28 11:00:00', 432, 49, NULL, NULL),
(2640, '2021-09-28 11:00:00', '2021-09-28 11:30:00', 432, 49, 15, 14),
(2641, '2021-09-30 10:00:00', '2021-09-30 10:30:00', 433, 49, NULL, NULL),
(2642, '2021-09-30 10:30:00', '2021-09-30 11:00:00', 433, 49, NULL, NULL),
(2643, '2021-09-30 11:00:00', '2021-09-30 11:30:00', 433, 49, NULL, NULL),
(2644, '2021-09-30 11:30:00', '2021-09-30 12:00:00', 433, 49, NULL, NULL),
(2645, '2021-09-30 12:00:00', '2021-09-30 12:30:00', 433, 49, NULL, NULL),
(2646, '2021-09-30 12:30:00', '2021-09-30 13:00:00', 433, 49, NULL, NULL),
(2647, '2021-09-30 13:00:00', '2021-09-30 13:30:00', 433, 49, NULL, NULL),
(2648, '2021-09-30 13:30:00', '2021-09-30 14:00:00', 433, 49, 14, 2),
(2649, '2021-09-30 14:00:00', '2021-09-30 14:30:00', 433, 49, NULL, NULL),
(2650, '2021-09-30 14:30:00', '2021-09-30 15:00:00', 433, 49, NULL, NULL),
(2651, '2021-10-01 08:30:00', '2021-10-01 09:00:00', 434, 49, NULL, NULL),
(2652, '2021-10-01 09:00:00', '2021-10-01 09:30:00', 434, 49, NULL, NULL),
(2653, '2021-10-01 09:30:00', '2021-10-01 10:00:00', 434, 49, NULL, NULL),
(2654, '2021-10-01 10:00:00', '2021-10-01 10:30:00', 434, 49, NULL, NULL),
(2655, '2021-10-01 10:30:00', '2021-10-01 11:00:00', 434, 49, NULL, NULL),
(2656, '2021-10-01 11:00:00', '2021-10-01 11:30:00', 434, 49, NULL, NULL),
(2657, '2021-10-01 11:30:00', '2021-10-01 12:00:00', 434, 49, NULL, NULL),
(2658, '2021-10-01 12:00:00', '2021-10-01 12:30:00', 434, 49, NULL, NULL),
(2659, '2021-10-01 12:30:00', '2021-10-01 13:00:00', 434, 49, NULL, NULL),
(2660, '2021-09-13 08:00:00', '2021-09-13 08:30:00', 435, 50, 19, 10),
(2661, '2021-09-13 08:30:00', '2021-09-13 09:00:00', 435, 50, NULL, NULL),
(2662, '2021-09-14 10:00:00', '2021-09-14 10:30:00', 436, 50, NULL, NULL),
(2663, '2021-09-16 11:00:00', '2021-09-16 11:30:00', 437, 50, NULL, NULL),
(2664, '2021-09-16 11:30:00', '2021-09-16 12:00:00', 437, 50, NULL, NULL),
(2665, '2021-09-16 12:00:00', '2021-09-16 12:30:00', 437, 50, NULL, NULL),
(2666, '2021-09-16 12:30:00', '2021-09-16 13:00:00', 437, 50, NULL, NULL),
(2667, '2021-09-16 13:00:00', '2021-09-16 13:30:00', 437, 50, NULL, NULL),
(2668, '2021-09-16 13:30:00', '2021-09-16 14:00:00', 437, 50, NULL, NULL),
(2669, '2021-09-16 14:00:00', '2021-09-16 14:30:00', 437, 50, NULL, NULL),
(2670, '2021-09-17 12:30:00', '2021-09-17 13:00:00', 438, 50, NULL, NULL),
(2671, '2021-09-17 13:00:00', '2021-09-17 13:30:00', 438, 50, 18, 6),
(2672, '2021-09-17 13:30:00', '2021-09-17 14:00:00', 438, 50, NULL, NULL),
(2673, '2021-09-17 14:00:00', '2021-09-17 14:30:00', 438, 50, 19, 14),
(2674, '2021-09-17 14:30:00', '2021-09-17 15:00:00', 438, 50, NULL, NULL),
(2675, '2021-09-17 15:00:00', '2021-09-17 15:30:00', 438, 50, NULL, NULL),
(2676, '2021-09-17 15:30:00', '2021-09-17 16:00:00', 438, 50, NULL, NULL),
(2677, '2021-09-17 16:00:00', '2021-09-17 16:30:00', 438, 50, NULL, NULL),
(2678, '2021-09-21 11:00:00', '2021-09-21 11:30:00', 439, 50, NULL, NULL),
(2679, '2021-09-21 11:30:00', '2021-09-21 12:00:00', 439, 50, NULL, NULL),
(2680, '2021-09-21 12:00:00', '2021-09-21 12:30:00', 439, 50, NULL, NULL),
(2681, '2021-09-21 12:30:00', '2021-09-21 13:00:00', 439, 50, 18, 3),
(2682, '2021-09-21 13:00:00', '2021-09-21 13:30:00', 439, 50, NULL, NULL),
(2683, '2021-09-21 13:30:00', '2021-09-21 14:00:00', 439, 50, NULL, NULL),
(2684, '2021-09-22 12:30:00', '2021-09-22 13:00:00', 440, 50, NULL, NULL),
(2685, '2021-09-22 13:00:00', '2021-09-22 13:30:00', 440, 50, NULL, NULL),
(2686, '2021-09-22 13:30:00', '2021-09-22 14:00:00', 440, 50, NULL, NULL),
(2687, '2021-09-22 14:00:00', '2021-09-22 14:30:00', 440, 50, NULL, NULL),
(2688, '2021-09-22 14:30:00', '2021-09-22 15:00:00', 440, 50, NULL, NULL),
(2689, '2021-09-22 15:00:00', '2021-09-22 15:30:00', 440, 50, NULL, NULL),
(2690, '2021-09-22 15:30:00', '2021-09-22 16:00:00', 440, 50, NULL, NULL),
(2691, '2021-09-24 08:30:00', '2021-09-24 09:00:00', 441, 50, NULL, NULL),
(2692, '2021-09-24 09:00:00', '2021-09-24 09:30:00', 441, 50, NULL, NULL),
(2693, '2021-09-24 09:30:00', '2021-09-24 10:00:00', 441, 50, NULL, NULL),
(2694, '2021-09-24 10:00:00', '2021-09-24 10:30:00', 441, 50, NULL, NULL),
(2695, '2021-09-24 10:30:00', '2021-09-24 11:00:00', 441, 50, NULL, NULL),
(2696, '2021-09-24 11:00:00', '2021-09-24 11:30:00', 441, 50, NULL, NULL),
(2697, '2021-09-24 11:30:00', '2021-09-24 12:00:00', 441, 50, NULL, NULL),
(2698, '2021-09-24 12:00:00', '2021-09-24 12:30:00', 441, 50, NULL, NULL),
(2699, '2021-09-24 12:30:00', '2021-09-24 13:00:00', 441, 50, NULL, NULL),
(2700, '2021-09-24 13:00:00', '2021-09-24 13:30:00', 441, 50, NULL, NULL),
(2701, '2021-09-24 13:30:00', '2021-09-24 14:00:00', 441, 50, NULL, NULL),
(2702, '2021-09-24 14:00:00', '2021-09-24 14:30:00', 441, 50, 18, 16),
(2703, '2021-09-24 14:30:00', '2021-09-24 15:00:00', 441, 50, NULL, NULL),
(2704, '2021-09-24 15:00:00', '2021-09-24 15:30:00', 441, 50, NULL, NULL),
(2705, '2021-09-24 15:30:00', '2021-09-24 16:00:00', 441, 50, NULL, NULL),
(2706, '2021-09-24 16:00:00', '2021-09-24 16:30:00', 441, 50, NULL, NULL),
(2707, '2021-09-24 16:30:00', '2021-09-24 17:00:00', 441, 50, NULL, NULL),
(2708, '2021-09-24 17:00:00', '2021-09-24 17:30:00', 441, 50, NULL, NULL),
(2709, '2021-09-29 12:30:00', '2021-09-29 13:00:00', 442, 50, NULL, NULL),
(2710, '2021-09-29 13:00:00', '2021-09-29 13:30:00', 442, 50, NULL, NULL),
(2711, '2021-09-29 13:30:00', '2021-09-29 14:00:00', 442, 50, NULL, NULL),
(2712, '2021-09-29 14:00:00', '2021-09-29 14:30:00', 442, 50, NULL, NULL),
(2713, '2021-09-29 14:30:00', '2021-09-29 15:00:00', 442, 50, 19, 2),
(2714, '2021-09-29 15:00:00', '2021-09-29 15:30:00', 442, 50, NULL, NULL),
(2715, '2021-09-29 15:30:00', '2021-09-29 16:00:00', 442, 50, NULL, NULL),
(2716, '2021-09-29 16:00:00', '2021-09-29 16:30:00', 442, 50, 19, 18),
(2717, '2021-09-27 11:30:00', '2021-09-27 12:00:00', 443, 50, NULL, NULL),
(2718, '2021-09-27 12:00:00', '2021-09-27 12:30:00', 443, 50, NULL, NULL),
(2719, '2021-09-27 12:30:00', '2021-09-27 13:00:00', 443, 50, NULL, NULL),
(2720, '2021-09-27 13:00:00', '2021-09-27 13:30:00', 443, 50, NULL, NULL),
(2721, '2021-09-27 13:30:00', '2021-09-27 14:00:00', 443, 50, NULL, NULL),
(2722, '2021-09-27 14:00:00', '2021-09-27 14:30:00', 443, 50, NULL, NULL),
(2723, '2021-09-27 14:30:00', '2021-09-27 15:00:00', 443, 50, NULL, NULL),
(2724, '2021-09-27 15:00:00', '2021-09-27 15:30:00', 443, 50, NULL, NULL),
(2725, '2021-09-27 15:30:00', '2021-09-27 16:00:00', 443, 50, 18, 17),
(2726, '2021-09-27 16:00:00', '2021-09-27 16:30:00', 443, 50, NULL, NULL),
(2727, '2021-09-27 16:30:00', '2021-09-27 17:00:00', 443, 50, NULL, NULL),
(2728, '2021-09-27 17:00:00', '2021-09-27 17:30:00', 443, 50, NULL, NULL),
(2729, '2021-09-30 12:30:00', '2021-09-30 13:00:00', 444, 50, NULL, NULL),
(2730, '2021-09-30 13:00:00', '2021-09-30 13:30:00', 444, 50, NULL, NULL),
(2731, '2021-09-30 13:30:00', '2021-09-30 14:00:00', 444, 50, NULL, NULL),
(2732, '2021-09-06 10:30:00', '2021-09-06 11:00:00', 445, 50, NULL, NULL),
(2733, '2021-09-06 11:00:00', '2021-09-06 11:30:00', 445, 50, NULL, NULL),
(2734, '2021-09-17 10:00:00', '2021-09-17 10:30:00', 446, 51, NULL, NULL),
(2735, '2021-09-17 10:30:00', '2021-09-17 11:00:00', 446, 51, NULL, NULL),
(2736, '2021-09-17 11:00:00', '2021-09-17 11:30:00', 446, 51, NULL, NULL),
(2737, '2021-09-17 11:30:00', '2021-09-17 12:00:00', 446, 51, NULL, NULL),
(2738, '2021-09-17 12:00:00', '2021-09-17 12:30:00', 446, 51, NULL, NULL),
(2739, '2021-09-17 12:30:00', '2021-09-17 13:00:00', 446, 51, NULL, NULL),
(2740, '2021-09-17 13:00:00', '2021-09-17 13:30:00', 446, 51, NULL, NULL),
(2741, '2021-09-17 13:30:00', '2021-09-17 14:00:00', 446, 51, NULL, NULL),
(2742, '2021-09-17 14:00:00', '2021-09-17 14:30:00', 446, 51, NULL, NULL),
(2743, '2021-09-17 14:30:00', '2021-09-17 15:00:00', 446, 51, NULL, NULL),
(2744, '2021-09-16 08:00:00', '2021-09-16 08:30:00', 447, 51, NULL, NULL),
(2745, '2021-09-16 08:30:00', '2021-09-16 09:00:00', 447, 51, NULL, NULL),
(2746, '2021-09-16 09:00:00', '2021-09-16 09:30:00', 447, 51, NULL, NULL),
(2747, '2021-09-16 09:30:00', '2021-09-16 10:00:00', 447, 51, NULL, NULL),
(2748, '2021-09-16 10:00:00', '2021-09-16 10:30:00', 447, 51, NULL, NULL),
(2749, '2021-09-16 10:30:00', '2021-09-16 11:00:00', 447, 51, NULL, NULL),
(2750, '2021-09-16 11:00:00', '2021-09-16 11:30:00', 447, 51, NULL, NULL),
(2751, '2021-09-16 11:30:00', '2021-09-16 12:00:00', 447, 51, NULL, NULL),
(2752, '2021-09-13 09:00:00', '2021-09-13 09:30:00', 448, 51, NULL, NULL),
(2753, '2021-09-14 10:00:00', '2021-09-14 10:30:00', 449, 51, NULL, NULL),
(2754, '2021-09-07 08:30:00', '2021-09-07 09:00:00', 450, 51, NULL, NULL),
(2755, '2021-09-07 09:00:00', '2021-09-07 09:30:00', 450, 51, NULL, NULL),
(2756, '2021-09-07 09:30:00', '2021-09-07 10:00:00', 450, 51, 18, 9),
(2757, '2021-09-21 12:00:00', '2021-09-21 12:30:00', 451, 51, NULL, NULL),
(2758, '2021-09-21 12:30:00', '2021-09-21 13:00:00', 451, 51, NULL, NULL),
(2759, '2021-09-21 13:00:00', '2021-09-21 13:30:00', 451, 51, 18, 7),
(2760, '2021-09-21 13:30:00', '2021-09-21 14:00:00', 451, 51, NULL, NULL),
(2761, '2021-09-21 14:00:00', '2021-09-21 14:30:00', 451, 51, NULL, NULL),
(2762, '2021-09-21 14:30:00', '2021-09-21 15:00:00', 451, 51, NULL, NULL),
(2763, '2021-09-21 15:00:00', '2021-09-21 15:30:00', 451, 51, NULL, NULL),
(2764, '2021-09-21 15:30:00', '2021-09-21 16:00:00', 451, 51, NULL, NULL),
(2765, '2021-09-21 16:00:00', '2021-09-21 16:30:00', 451, 51, NULL, NULL),
(2766, '2021-09-21 16:30:00', '2021-09-21 17:00:00', 451, 51, NULL, NULL),
(2767, '2021-09-21 17:00:00', '2021-09-21 17:30:00', 451, 51, NULL, NULL),
(2768, '2021-09-21 17:30:00', '2021-09-21 18:00:00', 451, 51, NULL, NULL),
(2769, '2021-09-21 18:00:00', '2021-09-21 18:30:00', 451, 51, NULL, NULL),
(2770, '2021-09-22 11:30:00', '2021-09-22 12:00:00', 452, 51, NULL, NULL),
(2771, '2021-09-22 12:00:00', '2021-09-22 12:30:00', 452, 51, NULL, NULL),
(2772, '2021-09-22 12:30:00', '2021-09-22 13:00:00', 452, 51, NULL, NULL),
(2773, '2021-09-22 13:00:00', '2021-09-22 13:30:00', 452, 51, NULL, NULL),
(2774, '2021-09-23 14:30:00', '2021-09-23 15:00:00', 453, 51, NULL, NULL),
(2775, '2021-09-23 15:00:00', '2021-09-23 15:30:00', 453, 51, NULL, NULL),
(2776, '2021-09-23 15:30:00', '2021-09-23 16:00:00', 453, 51, NULL, NULL),
(2777, '2021-09-23 16:00:00', '2021-09-23 16:30:00', 453, 51, NULL, NULL),
(2778, '2021-09-23 16:30:00', '2021-09-23 17:00:00', 453, 51, NULL, NULL),
(2779, '2021-09-27 11:30:00', '2021-09-27 12:00:00', 454, 51, NULL, NULL),
(2780, '2021-09-27 12:00:00', '2021-09-27 12:30:00', 454, 51, NULL, NULL),
(2781, '2021-09-27 12:30:00', '2021-09-27 13:00:00', 454, 51, NULL, NULL),
(2782, '2021-09-27 13:00:00', '2021-09-27 13:30:00', 454, 51, NULL, NULL),
(2783, '2021-09-27 13:30:00', '2021-09-27 14:00:00', 454, 51, NULL, NULL),
(2784, '2021-09-27 14:00:00', '2021-09-27 14:30:00', 454, 51, NULL, NULL),
(2785, '2021-09-27 14:30:00', '2021-09-27 15:00:00', 454, 51, NULL, NULL),
(2786, '2021-09-27 15:00:00', '2021-09-27 15:30:00', 454, 51, NULL, NULL),
(2787, '2021-09-27 15:30:00', '2021-09-27 16:00:00', 454, 51, NULL, NULL),
(2788, '2021-09-27 16:00:00', '2021-09-27 16:30:00', 454, 51, 18, NULL),
(2789, '2021-09-27 16:30:00', '2021-09-27 17:00:00', 454, 51, NULL, NULL),
(2790, '2021-09-27 17:00:00', '2021-09-27 17:30:00', 454, 51, NULL, NULL),
(2791, '2021-09-28 14:00:00', '2021-09-28 14:30:00', 455, 51, NULL, NULL),
(2792, '2021-09-28 14:30:00', '2021-09-28 15:00:00', 455, 51, NULL, NULL),
(2793, '2021-09-28 15:00:00', '2021-09-28 15:30:00', 455, 51, NULL, NULL),
(2794, '2021-09-28 15:30:00', '2021-09-28 16:00:00', 455, 51, NULL, NULL),
(2795, '2021-10-01 10:00:00', '2021-10-01 10:30:00', 456, 51, NULL, NULL),
(2796, '2021-10-01 10:30:00', '2021-10-01 11:00:00', 456, 51, NULL, NULL),
(2797, '2021-10-01 11:00:00', '2021-10-01 11:30:00', 456, 51, NULL, NULL),
(2798, '2021-10-01 11:30:00', '2021-10-01 12:00:00', 456, 51, NULL, NULL),
(2799, '2021-10-01 12:00:00', '2021-10-01 12:30:00', 456, 51, NULL, NULL),
(2800, '2021-10-01 12:30:00', '2021-10-01 13:00:00', 456, 51, NULL, NULL),
(2801, '2021-10-01 13:00:00', '2021-10-01 13:30:00', 456, 51, NULL, NULL),
(2802, '2021-10-01 13:30:00', '2021-10-01 14:00:00', 456, 51, NULL, NULL),
(2803, '2021-10-01 14:00:00', '2021-10-01 14:30:00', 456, 51, NULL, NULL),
(2804, '2021-10-01 14:30:00', '2021-10-01 15:00:00', 456, 51, NULL, NULL),
(2805, '2021-10-01 15:00:00', '2021-10-01 15:30:00', 456, 51, NULL, NULL),
(2806, '2021-10-01 15:30:00', '2021-10-01 16:00:00', 456, 51, 18, 10),
(2807, '2021-10-01 16:00:00', '2021-10-01 16:30:00', 456, 51, NULL, NULL),
(2808, '2021-10-01 16:30:00', '2021-10-01 17:00:00', 456, 51, NULL, NULL),
(2809, '2021-10-01 17:00:00', '2021-10-01 17:30:00', 456, 51, NULL, NULL),
(2810, '2021-10-01 17:30:00', '2021-10-01 18:00:00', 456, 51, NULL, NULL),
(2811, '2021-10-01 18:00:00', '2021-10-01 18:30:00', 456, 51, NULL, NULL),
(2812, '2021-09-14 09:00:00', '2021-09-14 09:30:00', 457, 52, NULL, NULL),
(2813, '2021-09-16 08:00:00', '2021-09-16 08:30:00', 458, 52, NULL, NULL),
(2814, '2021-09-16 08:30:00', '2021-09-16 09:00:00', 458, 52, 20, 18),
(2815, '2021-09-16 09:00:00', '2021-09-16 09:30:00', 458, 52, NULL, NULL),
(2816, '2021-09-16 09:30:00', '2021-09-16 10:00:00', 458, 52, NULL, NULL),
(2817, '2021-09-16 10:00:00', '2021-09-16 10:30:00', 458, 52, NULL, NULL),
(2818, '2021-09-16 10:30:00', '2021-09-16 11:00:00', 458, 52, NULL, NULL),
(2819, '2021-09-16 11:00:00', '2021-09-16 11:30:00', 458, 52, NULL, NULL),
(2820, '2021-09-16 11:30:00', '2021-09-16 12:00:00', 458, 52, NULL, NULL),
(2821, '2021-09-16 12:00:00', '2021-09-16 12:30:00', 458, 52, NULL, NULL),
(2822, '2021-09-16 12:30:00', '2021-09-16 13:00:00', 458, 52, NULL, NULL),
(2823, '2021-09-16 13:00:00', '2021-09-16 13:30:00', 458, 52, NULL, NULL),
(2824, '2021-09-17 10:30:00', '2021-09-17 11:00:00', 459, 52, NULL, NULL),
(2825, '2021-09-17 11:00:00', '2021-09-17 11:30:00', 459, 52, NULL, NULL),
(2826, '2021-09-17 11:30:00', '2021-09-17 12:00:00', 459, 52, NULL, NULL),
(2827, '2021-09-17 12:00:00', '2021-09-17 12:30:00', 459, 52, NULL, NULL),
(2828, '2021-09-17 12:30:00', '2021-09-17 13:00:00', 459, 52, NULL, NULL),
(2829, '2021-09-17 13:00:00', '2021-09-17 13:30:00', 459, 52, NULL, NULL),
(2830, '2021-09-17 13:30:00', '2021-09-17 14:00:00', 459, 52, NULL, NULL),
(2831, '2021-09-17 14:00:00', '2021-09-17 14:30:00', 459, 52, NULL, NULL),
(2832, '2021-09-06 08:30:00', '2021-09-06 09:00:00', 460, 52, NULL, NULL),
(2833, '2021-09-07 11:30:00', '2021-09-07 12:00:00', 461, 52, NULL, NULL),
(2834, '2021-09-20 09:30:00', '2021-09-20 10:00:00', 462, 52, NULL, NULL),
(2835, '2021-09-20 10:00:00', '2021-09-20 10:30:00', 462, 52, 20, 7),
(2836, '2021-09-20 10:30:00', '2021-09-20 11:00:00', 462, 52, NULL, NULL),
(2837, '2021-09-20 11:00:00', '2021-09-20 11:30:00', 462, 52, NULL, NULL),
(2838, '2021-09-20 11:30:00', '2021-09-20 12:00:00', 462, 52, NULL, NULL),
(2839, '2021-09-20 12:00:00', '2021-09-20 12:30:00', 462, 52, NULL, NULL),
(2840, '2021-09-20 12:30:00', '2021-09-20 13:00:00', 462, 52, NULL, NULL),
(2841, '2021-09-20 13:00:00', '2021-09-20 13:30:00', 462, 52, NULL, NULL),
(2842, '2021-09-22 12:00:00', '2021-09-22 12:30:00', 463, 52, NULL, NULL),
(2843, '2021-09-22 12:30:00', '2021-09-22 13:00:00', 463, 52, NULL, NULL),
(2844, '2021-09-22 13:00:00', '2021-09-22 13:30:00', 463, 52, NULL, NULL),
(2845, '2021-09-22 13:30:00', '2021-09-22 14:00:00', 463, 52, NULL, NULL),
(2846, '2021-09-22 14:00:00', '2021-09-22 14:30:00', 463, 52, NULL, NULL),
(2847, '2021-09-22 14:30:00', '2021-09-22 15:00:00', 463, 52, NULL, NULL),
(2848, '2021-09-22 15:00:00', '2021-09-22 15:30:00', 463, 52, NULL, NULL),
(2849, '2021-09-22 15:30:00', '2021-09-22 16:00:00', 463, 52, NULL, NULL),
(2850, '2021-09-22 16:00:00', '2021-09-22 16:30:00', 463, 52, NULL, NULL),
(2851, '2021-09-22 16:30:00', '2021-09-22 17:00:00', 463, 52, 20, 11),
(2852, '2021-09-22 17:00:00', '2021-09-22 17:30:00', 463, 52, NULL, NULL),
(2853, '2021-09-22 17:30:00', '2021-09-22 18:00:00', 463, 52, NULL, NULL),
(2854, '2021-09-24 12:30:00', '2021-09-24 13:00:00', 464, 52, NULL, NULL),
(2855, '2021-09-24 13:00:00', '2021-09-24 13:30:00', 464, 52, NULL, NULL),
(2856, '2021-09-24 13:30:00', '2021-09-24 14:00:00', 464, 52, NULL, NULL),
(2857, '2021-09-24 14:00:00', '2021-09-24 14:30:00', 464, 52, NULL, NULL),
(2858, '2021-09-24 14:30:00', '2021-09-24 15:00:00', 464, 52, NULL, NULL),
(2859, '2021-09-27 12:00:00', '2021-09-27 12:30:00', 465, 52, 21, 5),
(2860, '2021-09-27 12:30:00', '2021-09-27 13:00:00', 465, 52, NULL, NULL),
(2861, '2021-09-27 13:00:00', '2021-09-27 13:30:00', 465, 52, NULL, NULL),
(2862, '2021-09-27 13:30:00', '2021-09-27 14:00:00', 465, 52, NULL, NULL),
(2863, '2021-09-27 14:00:00', '2021-09-27 14:30:00', 465, 52, NULL, NULL),
(2864, '2021-09-27 14:30:00', '2021-09-27 15:00:00', 465, 52, NULL, NULL),
(2865, '2021-09-27 15:00:00', '2021-09-27 15:30:00', 465, 52, NULL, NULL),
(2866, '2021-09-28 13:00:00', '2021-09-28 13:30:00', 466, 52, NULL, NULL),
(2867, '2021-09-28 13:30:00', '2021-09-28 14:00:00', 466, 52, NULL, NULL),
(2868, '2021-09-28 14:00:00', '2021-09-28 14:30:00', 466, 52, NULL, NULL),
(2869, '2021-09-28 14:30:00', '2021-09-28 15:00:00', 466, 52, NULL, NULL),
(2870, '2021-09-28 15:00:00', '2021-09-28 15:30:00', 466, 52, 21, 13),
(2871, '2021-09-28 15:30:00', '2021-09-28 16:00:00', 466, 52, NULL, NULL),
(2872, '2021-09-28 16:00:00', '2021-09-28 16:30:00', 466, 52, NULL, NULL),
(2873, '2021-09-28 16:30:00', '2021-09-28 17:00:00', 466, 52, NULL, NULL),
(2874, '2021-09-28 17:00:00', '2021-09-28 17:30:00', 466, 52, NULL, NULL),
(2875, '2021-09-29 09:00:00', '2021-09-29 09:30:00', 467, 52, NULL, NULL),
(2876, '2021-09-29 09:30:00', '2021-09-29 10:00:00', 467, 52, NULL, NULL),
(2877, '2021-09-29 10:00:00', '2021-09-29 10:30:00', 467, 52, NULL, NULL),
(2878, '2021-09-29 10:30:00', '2021-09-29 11:00:00', 467, 52, NULL, NULL),
(2879, '2021-09-29 11:00:00', '2021-09-29 11:30:00', 467, 52, NULL, NULL),
(2880, '2021-09-29 11:30:00', '2021-09-29 12:00:00', 467, 52, NULL, NULL),
(2881, '2021-10-01 12:30:00', '2021-10-01 13:00:00', 468, 52, NULL, NULL),
(2882, '2021-10-01 13:00:00', '2021-10-01 13:30:00', 468, 52, NULL, NULL),
(2883, '2021-10-01 13:30:00', '2021-10-01 14:00:00', 468, 52, NULL, NULL),
(2884, '2021-10-01 14:00:00', '2021-10-01 14:30:00', 468, 52, NULL, NULL),
(2885, '2021-10-01 14:30:00', '2021-10-01 15:00:00', 468, 52, NULL, NULL),
(2886, '2021-10-01 15:00:00', '2021-10-01 15:30:00', 468, 52, NULL, NULL),
(2887, '2021-09-17 08:00:00', '2021-09-17 08:30:00', 469, 53, NULL, NULL),
(2888, '2021-09-17 08:30:00', '2021-09-17 09:00:00', 469, 53, NULL, NULL),
(2889, '2021-09-17 09:00:00', '2021-09-17 09:30:00', 469, 53, NULL, NULL),
(2890, '2021-09-17 09:30:00', '2021-09-17 10:00:00', 469, 53, NULL, NULL),
(2891, '2021-09-17 10:00:00', '2021-09-17 10:30:00', 469, 53, NULL, NULL),
(2892, '2021-09-17 10:30:00', '2021-09-17 11:00:00', 469, 53, 20, 4),
(2893, '2021-09-17 11:00:00', '2021-09-17 11:30:00', 469, 53, NULL, NULL),
(2894, '2021-09-17 11:30:00', '2021-09-17 12:00:00', 469, 53, NULL, NULL),
(2895, '2021-09-17 12:00:00', '2021-09-17 12:30:00', 469, 53, NULL, NULL),
(2896, '2021-09-17 12:30:00', '2021-09-17 13:00:00', 469, 53, NULL, NULL),
(2897, '2021-09-16 09:00:00', '2021-09-16 09:30:00', 470, 53, NULL, NULL),
(2898, '2021-09-16 09:30:00', '2021-09-16 10:00:00', 470, 53, 20, 6),
(2899, '2021-09-16 10:00:00', '2021-09-16 10:30:00', 470, 53, NULL, NULL),
(2900, '2021-09-16 10:30:00', '2021-09-16 11:00:00', 470, 53, NULL, NULL),
(2901, '2021-09-16 11:00:00', '2021-09-16 11:30:00', 470, 53, NULL, NULL),
(2902, '2021-09-16 11:30:00', '2021-09-16 12:00:00', 470, 53, NULL, NULL),
(2903, '2021-09-16 12:00:00', '2021-09-16 12:30:00', 470, 53, NULL, NULL),
(2904, '2021-09-16 12:30:00', '2021-09-16 13:00:00', 470, 53, NULL, NULL),
(2905, '2021-09-16 13:00:00', '2021-09-16 13:30:00', 470, 53, NULL, NULL),
(2906, '2021-09-16 13:30:00', '2021-09-16 14:00:00', 470, 53, NULL, NULL),
(2907, '2021-09-16 14:00:00', '2021-09-16 14:30:00', 470, 53, NULL, NULL),
(2908, '2021-09-16 14:30:00', '2021-09-16 15:00:00', 470, 53, 22, 15),
(2909, '2021-09-16 15:00:00', '2021-09-16 15:30:00', 470, 53, NULL, NULL),
(2910, '2021-09-14 09:00:00', '2021-09-14 09:30:00', 471, 53, NULL, NULL),
(2911, '2021-09-13 11:30:00', '2021-09-13 12:00:00', 472, 53, NULL, NULL),
(2912, '2021-09-13 12:00:00', '2021-09-13 12:30:00', 472, 53, 20, 1),
(2913, '2021-09-07 09:30:00', '2021-09-07 10:00:00', 473, 53, NULL, NULL),
(2914, '2021-09-20 11:00:00', '2021-09-20 11:30:00', 474, 53, NULL, NULL),
(2915, '2021-09-20 11:30:00', '2021-09-20 12:00:00', 474, 53, NULL, NULL),
(2916, '2021-09-20 12:00:00', '2021-09-20 12:30:00', 474, 53, NULL, NULL),
(2917, '2021-09-20 12:30:00', '2021-09-20 13:00:00', 474, 53, NULL, NULL),
(2918, '2021-09-20 13:00:00', '2021-09-20 13:30:00', 474, 53, NULL, NULL),
(2919, '2021-09-20 13:30:00', '2021-09-20 14:00:00', 474, 53, NULL, NULL),
(2920, '2021-09-20 14:00:00', '2021-09-20 14:30:00', 474, 53, 21, 12),
(2921, '2021-09-22 08:00:00', '2021-09-22 08:30:00', 475, 53, NULL, NULL),
(2922, '2021-09-22 08:30:00', '2021-09-22 09:00:00', 475, 53, NULL, NULL),
(2923, '2021-09-22 09:00:00', '2021-09-22 09:30:00', 475, 53, NULL, NULL),
(2924, '2021-09-22 09:30:00', '2021-09-22 10:00:00', 475, 53, 20, 3),
(2925, '2021-09-22 10:00:00', '2021-09-22 10:30:00', 475, 53, NULL, NULL),
(2926, '2021-09-22 10:30:00', '2021-09-22 11:00:00', 475, 53, NULL, NULL),
(2927, '2021-09-22 11:00:00', '2021-09-22 11:30:00', 475, 53, NULL, NULL),
(2928, '2021-09-22 11:30:00', '2021-09-22 12:00:00', 475, 53, NULL, NULL),
(2929, '2021-09-22 12:00:00', '2021-09-22 12:30:00', 475, 53, NULL, NULL),
(2930, '2021-09-22 12:30:00', '2021-09-22 13:00:00', 475, 53, NULL, NULL),
(2931, '2021-09-23 11:00:00', '2021-09-23 11:30:00', 476, 53, NULL, NULL),
(2932, '2021-09-23 11:30:00', '2021-09-23 12:00:00', 476, 53, NULL, NULL),
(2933, '2021-09-23 12:00:00', '2021-09-23 12:30:00', 476, 53, NULL, NULL),
(2934, '2021-09-23 12:30:00', '2021-09-23 13:00:00', 476, 53, NULL, NULL),
(2935, '2021-09-23 13:00:00', '2021-09-23 13:30:00', 476, 53, NULL, NULL),
(2936, '2021-09-23 13:30:00', '2021-09-23 14:00:00', 476, 53, 21, 17),
(2937, '2021-09-23 14:00:00', '2021-09-23 14:30:00', 476, 53, NULL, NULL),
(2938, '2021-09-23 14:30:00', '2021-09-23 15:00:00', 476, 53, NULL, NULL),
(2939, '2021-09-23 15:00:00', '2021-09-23 15:30:00', 476, 53, NULL, NULL),
(2940, '2021-09-23 15:30:00', '2021-09-23 16:00:00', 476, 53, NULL, NULL),
(2941, '2021-09-23 16:00:00', '2021-09-23 16:30:00', 476, 53, NULL, NULL),
(2942, '2021-09-24 09:00:00', '2021-09-24 09:30:00', 477, 53, 22, 3),
(2943, '2021-09-24 09:30:00', '2021-09-24 10:00:00', 477, 53, NULL, NULL),
(2944, '2021-09-24 10:00:00', '2021-09-24 10:30:00', 477, 53, NULL, NULL),
(2945, '2021-09-24 10:30:00', '2021-09-24 11:00:00', 477, 53, NULL, NULL),
(2946, '2021-09-24 11:00:00', '2021-09-24 11:30:00', 477, 53, 20, 5);
INSERT INTO `visits` (`id`, `date_from`, `date_to`, `availability_id`, `doctor_id`, `service_id`, `patient_id`) VALUES
(2947, '2021-09-24 11:30:00', '2021-09-24 12:00:00', 477, 53, NULL, NULL),
(2948, '2021-09-24 12:00:00', '2021-09-24 12:30:00', 477, 53, NULL, NULL),
(2949, '2021-09-24 12:30:00', '2021-09-24 13:00:00', 477, 53, NULL, NULL),
(2950, '2021-09-24 13:00:00', '2021-09-24 13:30:00', 477, 53, NULL, NULL),
(2951, '2021-09-24 13:30:00', '2021-09-24 14:00:00', 477, 53, NULL, NULL),
(2952, '2021-09-27 09:00:00', '2021-09-27 09:30:00', 478, 53, NULL, NULL),
(2953, '2021-09-27 09:30:00', '2021-09-27 10:00:00', 478, 53, 21, 18),
(2954, '2021-09-27 10:00:00', '2021-09-27 10:30:00', 478, 53, NULL, NULL),
(2955, '2021-09-27 10:30:00', '2021-09-27 11:00:00', 478, 53, NULL, NULL),
(2956, '2021-09-27 11:00:00', '2021-09-27 11:30:00', 478, 53, NULL, NULL),
(2957, '2021-09-27 11:30:00', '2021-09-27 12:00:00', 478, 53, NULL, NULL),
(2958, '2021-09-28 10:30:00', '2021-09-28 11:00:00', 479, 53, NULL, NULL),
(2959, '2021-09-28 11:00:00', '2021-09-28 11:30:00', 479, 53, NULL, NULL),
(2960, '2021-09-28 11:30:00', '2021-09-28 12:00:00', 479, 53, NULL, NULL),
(2961, '2021-09-28 12:00:00', '2021-09-28 12:30:00', 479, 53, NULL, NULL),
(2962, '2021-09-28 12:30:00', '2021-09-28 13:00:00', 479, 53, NULL, NULL),
(2963, '2021-09-28 13:00:00', '2021-09-28 13:30:00', 479, 53, NULL, NULL),
(2964, '2021-09-28 13:30:00', '2021-09-28 14:00:00', 479, 53, NULL, NULL),
(2965, '2021-09-28 14:00:00', '2021-09-28 14:30:00', 479, 53, NULL, NULL),
(2966, '2021-09-28 14:30:00', '2021-09-28 15:00:00', 479, 53, 22, 1),
(2967, '2021-09-17 11:00:00', '2021-09-17 11:30:00', 480, 54, NULL, NULL),
(2968, '2021-09-17 11:30:00', '2021-09-17 12:00:00', 480, 54, NULL, NULL),
(2969, '2021-09-17 12:00:00', '2021-09-17 12:30:00', 480, 54, NULL, NULL),
(2970, '2021-09-17 12:30:00', '2021-09-17 13:00:00', 480, 54, NULL, NULL),
(2971, '2021-09-17 13:00:00', '2021-09-17 13:30:00', 480, 54, NULL, NULL),
(2972, '2021-09-17 13:30:00', '2021-09-17 14:00:00', 480, 54, NULL, NULL),
(2973, '2021-09-17 14:00:00', '2021-09-17 14:30:00', 480, 54, NULL, NULL),
(2974, '2021-09-17 14:30:00', '2021-09-17 15:00:00', 480, 54, NULL, NULL),
(2975, '2021-09-17 15:00:00', '2021-09-17 15:30:00', 480, 54, NULL, NULL),
(2976, '2021-09-17 15:30:00', '2021-09-17 16:00:00', 480, 54, NULL, NULL),
(2977, '2021-09-17 16:00:00', '2021-09-17 16:30:00', 480, 54, NULL, NULL),
(2978, '2021-09-17 16:30:00', '2021-09-17 17:00:00', 480, 54, NULL, NULL),
(2979, '2021-09-16 08:30:00', '2021-09-16 09:00:00', 481, 54, NULL, NULL),
(2980, '2021-09-16 09:00:00', '2021-09-16 09:30:00', 481, 54, NULL, NULL),
(2981, '2021-09-16 09:30:00', '2021-09-16 10:00:00', 481, 54, 27, 4),
(2982, '2021-09-16 10:00:00', '2021-09-16 10:30:00', 481, 54, NULL, NULL),
(2983, '2021-09-16 10:30:00', '2021-09-16 11:00:00', 481, 54, NULL, NULL),
(2984, '2021-09-16 11:00:00', '2021-09-16 11:30:00', 481, 54, NULL, NULL),
(2985, '2021-09-16 11:30:00', '2021-09-16 12:00:00', 481, 54, NULL, NULL),
(2986, '2021-09-13 08:30:00', '2021-09-13 09:00:00', 482, 54, 26, 3),
(2987, '2021-09-14 09:30:00', '2021-09-14 10:00:00', 483, 54, NULL, NULL),
(2988, '2021-09-06 09:00:00', '2021-09-06 09:30:00', 484, 54, 28, 2),
(2989, '2021-09-06 09:30:00', '2021-09-06 10:00:00', 484, 54, NULL, NULL),
(2990, '2021-09-21 08:00:00', '2021-09-21 08:30:00', 485, 54, 26, 9),
(2991, '2021-09-21 08:30:00', '2021-09-21 09:00:00', 485, 54, NULL, NULL),
(2992, '2021-09-21 09:00:00', '2021-09-21 09:30:00', 485, 54, NULL, NULL),
(2993, '2021-09-21 09:30:00', '2021-09-21 10:00:00', 485, 54, NULL, NULL),
(2994, '2021-09-21 10:00:00', '2021-09-21 10:30:00', 485, 54, NULL, NULL),
(2995, '2021-09-21 10:30:00', '2021-09-21 11:00:00', 485, 54, NULL, NULL),
(2996, '2021-09-21 11:00:00', '2021-09-21 11:30:00', 485, 54, NULL, NULL),
(2997, '2021-09-21 11:30:00', '2021-09-21 12:00:00', 485, 54, NULL, NULL),
(2998, '2021-09-21 12:00:00', '2021-09-21 12:30:00', 485, 54, NULL, NULL),
(2999, '2021-09-21 12:30:00', '2021-09-21 13:00:00', 485, 54, NULL, NULL),
(3000, '2021-09-21 13:00:00', '2021-09-21 13:30:00', 485, 54, NULL, NULL),
(3001, '2021-09-21 13:30:00', '2021-09-21 14:00:00', 485, 54, 28, 11),
(3002, '2021-09-21 14:00:00', '2021-09-21 14:30:00', 485, 54, NULL, NULL),
(3003, '2021-09-21 14:30:00', '2021-09-21 15:00:00', 485, 54, NULL, NULL),
(3004, '2021-09-22 12:00:00', '2021-09-22 12:30:00', 486, 54, NULL, NULL),
(3005, '2021-09-22 12:30:00', '2021-09-22 13:00:00', 486, 54, NULL, NULL),
(3006, '2021-09-22 13:00:00', '2021-09-22 13:30:00', 486, 54, NULL, NULL),
(3007, '2021-09-22 13:30:00', '2021-09-22 14:00:00', 486, 54, NULL, NULL),
(3008, '2021-09-22 14:00:00', '2021-09-22 14:30:00', 486, 54, NULL, NULL),
(3009, '2021-09-22 14:30:00', '2021-09-22 15:00:00', 486, 54, NULL, NULL),
(3010, '2021-09-22 15:00:00', '2021-09-22 15:30:00', 486, 54, 27, 10),
(3011, '2021-09-22 15:30:00', '2021-09-22 16:00:00', 486, 54, NULL, NULL),
(3012, '2021-09-22 16:00:00', '2021-09-22 16:30:00', 486, 54, NULL, NULL),
(3013, '2021-09-23 09:00:00', '2021-09-23 09:30:00', 487, 54, NULL, NULL),
(3014, '2021-09-23 09:30:00', '2021-09-23 10:00:00', 487, 54, NULL, NULL),
(3015, '2021-09-23 10:00:00', '2021-09-23 10:30:00', 487, 54, NULL, NULL),
(3016, '2021-09-23 10:30:00', '2021-09-23 11:00:00', 487, 54, NULL, NULL),
(3017, '2021-09-23 11:00:00', '2021-09-23 11:30:00', 487, 54, NULL, NULL),
(3018, '2021-09-23 11:30:00', '2021-09-23 12:00:00', 487, 54, NULL, NULL),
(3019, '2021-09-23 12:00:00', '2021-09-23 12:30:00', 487, 54, NULL, NULL),
(3020, '2021-09-23 12:30:00', '2021-09-23 13:00:00', 487, 54, 26, 16),
(3021, '2021-09-23 13:00:00', '2021-09-23 13:30:00', 487, 54, 26, 5),
(3022, '2021-09-24 16:00:00', '2021-09-24 16:30:00', 488, 54, NULL, NULL),
(3023, '2021-09-24 16:30:00', '2021-09-24 17:00:00', 488, 54, NULL, NULL),
(3024, '2021-09-24 17:00:00', '2021-09-24 17:30:00', 488, 54, NULL, NULL),
(3025, '2021-09-24 17:30:00', '2021-09-24 18:00:00', 488, 54, NULL, NULL),
(3026, '2021-09-24 18:00:00', '2021-09-24 18:30:00', 488, 54, NULL, NULL),
(3027, '2021-09-24 18:30:00', '2021-09-24 19:00:00', 488, 54, NULL, NULL),
(3028, '2021-09-24 19:00:00', '2021-09-24 19:30:00', 488, 54, NULL, NULL),
(3029, '2021-09-27 12:00:00', '2021-09-27 12:30:00', 489, 54, NULL, NULL),
(3030, '2021-09-27 12:30:00', '2021-09-27 13:00:00', 489, 54, NULL, NULL),
(3031, '2021-09-27 13:00:00', '2021-09-27 13:30:00', 489, 54, 27, 12),
(3032, '2021-09-27 13:30:00', '2021-09-27 14:00:00', 489, 54, NULL, NULL),
(3033, '2021-09-27 14:00:00', '2021-09-27 14:30:00', 489, 54, NULL, NULL),
(3034, '2021-09-27 14:30:00', '2021-09-27 15:00:00', 489, 54, NULL, NULL),
(3035, '2021-09-27 15:00:00', '2021-09-27 15:30:00', 489, 54, NULL, NULL),
(3036, '2021-09-27 15:30:00', '2021-09-27 16:00:00', 489, 54, NULL, NULL),
(3037, '2021-09-29 08:00:00', '2021-09-29 08:30:00', 490, 54, NULL, NULL),
(3038, '2021-09-29 08:30:00', '2021-09-29 09:00:00', 490, 54, 28, 13),
(3039, '2021-09-29 09:00:00', '2021-09-29 09:30:00', 490, 54, NULL, NULL),
(3040, '2021-09-29 09:30:00', '2021-09-29 10:00:00', 490, 54, NULL, NULL),
(3041, '2021-09-29 10:00:00', '2021-09-29 10:30:00', 490, 54, 27, 1),
(3042, '2021-09-29 10:30:00', '2021-09-29 11:00:00', 490, 54, NULL, NULL),
(3043, '2021-09-29 11:00:00', '2021-09-29 11:30:00', 490, 54, NULL, NULL),
(3044, '2021-09-29 11:30:00', '2021-09-29 12:00:00', 490, 54, NULL, NULL),
(3045, '2021-09-29 12:00:00', '2021-09-29 12:30:00', 490, 54, NULL, NULL),
(3046, '2021-09-29 12:30:00', '2021-09-29 13:00:00', 490, 54, NULL, NULL),
(3047, '2021-09-29 13:00:00', '2021-09-29 13:30:00', 490, 54, NULL, NULL),
(3048, '2021-10-01 10:30:00', '2021-10-01 11:00:00', 491, 54, NULL, NULL),
(3049, '2021-10-01 11:00:00', '2021-10-01 11:30:00', 491, 54, NULL, NULL),
(3050, '2021-10-01 11:30:00', '2021-10-01 12:00:00', 491, 54, NULL, NULL),
(3051, '2021-10-01 12:00:00', '2021-10-01 12:30:00', 491, 54, NULL, NULL),
(3052, '2021-10-01 12:30:00', '2021-10-01 13:00:00', 491, 54, NULL, NULL),
(3053, '2021-10-01 13:00:00', '2021-10-01 13:30:00', 491, 54, 28, 6),
(3054, '2021-10-01 13:30:00', '2021-10-01 14:00:00', 491, 54, NULL, NULL),
(3055, '2021-10-01 14:00:00', '2021-10-01 14:30:00', 491, 54, NULL, NULL),
(3056, '2021-10-01 14:30:00', '2021-10-01 15:00:00', 491, 54, NULL, NULL),
(3057, '2021-10-01 15:00:00', '2021-10-01 15:30:00', 491, 54, 26, 17),
(3058, '2021-10-01 15:30:00', '2021-10-01 16:00:00', 491, 54, NULL, NULL),
(3059, '2021-10-01 16:00:00', '2021-10-01 16:30:00', 491, 54, NULL, NULL),
(3060, '2021-10-01 16:30:00', '2021-10-01 17:00:00', 491, 54, NULL, NULL),
(3061, '2021-10-01 17:00:00', '2021-10-01 17:30:00', 491, 54, NULL, NULL),
(3062, '2021-10-04 12:00:00', '2021-10-04 12:30:00', 492, 54, 28, 14),
(3063, '2021-10-04 12:30:00', '2021-10-04 13:00:00', 492, 54, NULL, NULL),
(3064, '2021-10-04 13:00:00', '2021-10-04 13:30:00', 492, 54, NULL, NULL),
(3065, '2021-10-04 13:30:00', '2021-10-04 14:00:00', 492, 54, NULL, NULL),
(3066, '2021-10-04 14:00:00', '2021-10-04 14:30:00', 492, 54, NULL, NULL),
(3067, '2021-10-04 14:30:00', '2021-10-04 15:00:00', 492, 54, NULL, NULL),
(3068, '2021-10-04 15:00:00', '2021-10-04 15:30:00', 492, 54, NULL, NULL),
(3069, '2021-10-04 15:30:00', '2021-10-04 16:00:00', 492, 54, 26, 2),
(3070, '2021-09-17 08:00:00', '2021-09-17 08:30:00', 493, 55, 25, 12),
(3071, '2021-09-17 08:30:00', '2021-09-17 09:00:00', 493, 55, NULL, NULL),
(3072, '2021-09-17 09:00:00', '2021-09-17 09:30:00', 493, 55, NULL, NULL),
(3073, '2021-09-17 09:30:00', '2021-09-17 10:00:00', 493, 55, NULL, NULL),
(3074, '2021-09-17 10:00:00', '2021-09-17 10:30:00', 493, 55, NULL, NULL),
(3075, '2021-09-17 10:30:00', '2021-09-17 11:00:00', 493, 55, 23, 9),
(3076, '2021-09-16 08:00:00', '2021-09-16 08:30:00', 494, 55, NULL, NULL),
(3077, '2021-09-16 08:30:00', '2021-09-16 09:00:00', 494, 55, NULL, NULL),
(3078, '2021-09-16 09:00:00', '2021-09-16 09:30:00', 494, 55, NULL, NULL),
(3079, '2021-09-13 08:00:00', '2021-09-13 08:30:00', 495, 55, 25, 13),
(3080, '2021-09-13 08:30:00', '2021-09-13 09:00:00', 495, 55, NULL, NULL),
(3081, '2021-09-13 09:00:00', '2021-09-13 09:30:00', 495, 55, NULL, NULL),
(3082, '2021-09-06 08:00:00', '2021-09-06 08:30:00', 496, 55, 23, 16),
(3083, '2021-09-06 08:30:00', '2021-09-06 09:00:00', 496, 55, NULL, NULL),
(3084, '2021-09-06 09:00:00', '2021-09-06 09:30:00', 496, 55, NULL, NULL),
(3085, '2021-09-22 08:00:00', '2021-09-22 08:30:00', 497, 55, NULL, NULL),
(3086, '2021-09-22 08:30:00', '2021-09-22 09:00:00', 497, 55, NULL, NULL),
(3087, '2021-09-20 08:00:00', '2021-09-20 08:30:00', 498, 55, NULL, NULL),
(3088, '2021-09-20 08:30:00', '2021-09-20 09:00:00', 498, 55, NULL, NULL),
(3089, '2021-09-20 09:00:00', '2021-09-20 09:30:00', 498, 55, NULL, NULL),
(3090, '2021-09-20 09:30:00', '2021-09-20 10:00:00', 498, 55, NULL, NULL),
(3091, '2021-09-24 08:00:00', '2021-09-24 08:30:00', 499, 55, NULL, NULL),
(3092, '2021-09-24 08:30:00', '2021-09-24 09:00:00', 499, 55, NULL, NULL),
(3093, '2021-09-24 09:00:00', '2021-09-24 09:30:00', 499, 55, NULL, NULL),
(3094, '2021-09-24 09:30:00', '2021-09-24 10:00:00', 499, 55, NULL, NULL),
(3095, '2021-09-24 10:00:00', '2021-09-24 10:30:00', 499, 55, NULL, NULL),
(3096, '2021-09-24 10:30:00', '2021-09-24 11:00:00', 499, 55, 23, 4),
(3097, '2021-09-28 08:00:00', '2021-09-28 08:30:00', 500, 55, NULL, NULL),
(3098, '2021-09-28 08:30:00', '2021-09-28 09:00:00', 500, 55, 23, 3),
(3099, '2021-09-28 09:00:00', '2021-09-28 09:30:00', 500, 55, 23, 5),
(3100, '2021-09-28 09:30:00', '2021-09-28 10:00:00', 500, 55, NULL, NULL),
(3101, '2021-09-28 10:00:00', '2021-09-28 10:30:00', 500, 55, NULL, NULL),
(3102, '2021-09-27 08:00:00', '2021-09-27 08:30:00', 501, 55, NULL, NULL),
(3103, '2021-09-27 08:30:00', '2021-09-27 09:00:00', 501, 55, NULL, NULL),
(3104, '2021-09-30 08:00:00', '2021-09-30 08:30:00', 502, 55, 25, 18),
(3105, '2021-09-30 08:30:00', '2021-09-30 09:00:00', 502, 55, NULL, NULL),
(3106, '2021-09-30 09:00:00', '2021-09-30 09:30:00', 502, 55, NULL, NULL),
(3107, '2021-09-23 09:00:00', '2021-09-23 09:30:00', 503, 56, NULL, NULL),
(3108, '2021-09-23 09:30:00', '2021-09-23 10:00:00', 503, 56, NULL, NULL),
(3109, '2021-09-23 10:00:00', '2021-09-23 10:30:00', 503, 56, NULL, NULL),
(3110, '2021-09-23 10:30:00', '2021-09-23 11:00:00', 503, 56, NULL, NULL),
(3111, '2021-09-23 11:00:00', '2021-09-23 11:30:00', 503, 56, NULL, NULL),
(3112, '2021-09-23 11:30:00', '2021-09-23 12:00:00', 503, 56, NULL, NULL),
(3113, '2021-09-21 10:00:00', '2021-09-21 10:30:00', 504, 56, NULL, NULL),
(3114, '2021-09-21 10:30:00', '2021-09-21 11:00:00', 504, 56, NULL, NULL),
(3115, '2021-09-21 11:00:00', '2021-09-21 11:30:00', 504, 56, NULL, NULL),
(3116, '2021-09-21 11:30:00', '2021-09-21 12:00:00', 504, 56, 29, 19),
(3117, '2021-09-21 12:00:00', '2021-09-21 12:30:00', 504, 56, NULL, NULL),
(3118, '2021-09-21 12:30:00', '2021-09-21 13:00:00', 504, 56, NULL, NULL),
(3119, '2021-09-22 15:30:00', '2021-09-22 16:00:00', 505, 56, NULL, NULL),
(3120, '2021-09-22 16:00:00', '2021-09-22 16:30:00', 505, 56, NULL, NULL),
(3121, '2021-09-22 16:30:00', '2021-09-22 17:00:00', 505, 56, NULL, NULL),
(3122, '2021-09-22 17:00:00', '2021-09-22 17:30:00', 505, 56, NULL, NULL),
(3123, '2021-09-22 17:30:00', '2021-09-22 18:00:00', 505, 56, NULL, NULL),
(3124, '2021-09-22 18:00:00', '2021-09-22 18:30:00', 505, 56, NULL, NULL),
(3125, '2021-09-22 18:30:00', '2021-09-22 19:00:00', 505, 56, NULL, NULL);

--
-- Indeksy dla zrzutów tabel
--

--
-- Indeksy dla tabeli `availability_doctor`
--
ALTER TABLE `availability_doctor`
  ADD PRIMARY KEY (`id`),
  ADD KEY `FKno944thr4n9e4fyguveqlv6ul` (`doctor_id`);

--
-- Indeksy dla tabeli `cities`
--
ALTER TABLE `cities`
  ADD PRIMARY KEY (`id`);

--
-- Indeksy dla tabeli `doctors`
--
ALTER TABLE `doctors`
  ADD PRIMARY KEY (`id`),
  ADD KEY `FK61m3a55i75nloiv6iu1fv47h1` (`city_id`),
  ADD KEY `FK7fcr57y1el74vifvhh7dci90s` (`specialization_id`),
  ADD KEY `FKe9pf5qtxxkdyrwibaevo9frtk` (`user_id`);

--
-- Indeksy dla tabeli `doctor_services`
--
ALTER TABLE `doctor_services`
  ADD PRIMARY KEY (`id`),
  ADD KEY `FK5nn1yoaju89q2emtt6c5gpc3p` (`doctor_id`),
  ADD KEY `FKh0ckqdovbu1cdhs2p14kvjha` (`service_id`);

--
-- Indeksy dla tabeli `patients`
--
ALTER TABLE `patients`
  ADD PRIMARY KEY (`id`),
  ADD KEY `FKuwca24wcd1tg6pjex8lmc0y7` (`user_id`);

--
-- Indeksy dla tabeli `services`
--
ALTER TABLE `services`
  ADD PRIMARY KEY (`id`),
  ADD KEY `FK12a6a263q56r2pxy5ktagogfd` (`specialization_id`);

--
-- Indeksy dla tabeli `specializations`
--
ALTER TABLE `specializations`
  ADD PRIMARY KEY (`id`);

--
-- Indeksy dla tabeli `users`
--
ALTER TABLE `users`
  ADD PRIMARY KEY (`id`);

--
-- Indeksy dla tabeli `visits`
--
ALTER TABLE `visits`
  ADD PRIMARY KEY (`id`),
  ADD KEY `FK636vcnmb2t8vg9chnrgjb123q` (`availability_id`),
  ADD KEY `FKth95fndjk3y3nepjfu3f66r63` (`doctor_id`),
  ADD KEY `FKihia0aechk0ai4vf9hjxlvxhp` (`service_id`),
  ADD KEY `FKra5p2e0tp6djolm46kdr42cyt` (`patient_id`);

--
-- AUTO_INCREMENT dla zrzuconych tabel
--

--
-- AUTO_INCREMENT dla tabeli `availability_doctor`
--
ALTER TABLE `availability_doctor`
  MODIFY `id` bigint(20) NOT NULL AUTO_INCREMENT, AUTO_INCREMENT=506;

--
-- AUTO_INCREMENT dla tabeli `cities`
--
ALTER TABLE `cities`
  MODIFY `id` bigint(20) NOT NULL AUTO_INCREMENT, AUTO_INCREMENT=4;

--
-- AUTO_INCREMENT dla tabeli `doctors`
--
ALTER TABLE `doctors`
  MODIFY `id` bigint(20) NOT NULL AUTO_INCREMENT, AUTO_INCREMENT=57;

--
-- AUTO_INCREMENT dla tabeli `doctor_services`
--
ALTER TABLE `doctor_services`
  MODIFY `id` bigint(20) NOT NULL AUTO_INCREMENT, AUTO_INCREMENT=123;

--
-- AUTO_INCREMENT dla tabeli `patients`
--
ALTER TABLE `patients`
  MODIFY `id` bigint(20) NOT NULL AUTO_INCREMENT, AUTO_INCREMENT=20;

--
-- AUTO_INCREMENT dla tabeli `services`
--
ALTER TABLE `services`
  MODIFY `id` bigint(20) NOT NULL AUTO_INCREMENT, AUTO_INCREMENT=30;

--
-- AUTO_INCREMENT dla tabeli `specializations`
--
ALTER TABLE `specializations`
  MODIFY `id` bigint(20) NOT NULL AUTO_INCREMENT, AUTO_INCREMENT=10;

--
-- AUTO_INCREMENT dla tabeli `users`
--
ALTER TABLE `users`
  MODIFY `id` bigint(20) NOT NULL AUTO_INCREMENT, AUTO_INCREMENT=76;

--
-- AUTO_INCREMENT dla tabeli `visits`
--
ALTER TABLE `visits`
  MODIFY `id` bigint(20) NOT NULL AUTO_INCREMENT, AUTO_INCREMENT=3126;

--
-- Ograniczenia dla zrzutów tabel
--

--
-- Ograniczenia dla tabeli `availability_doctor`
--
ALTER TABLE `availability_doctor`
  ADD CONSTRAINT `FKno944thr4n9e4fyguveqlv6ul` FOREIGN KEY (`doctor_id`) REFERENCES `doctors` (`id`);

--
-- Ograniczenia dla tabeli `doctors`
--
ALTER TABLE `doctors`
  ADD CONSTRAINT `FK61m3a55i75nloiv6iu1fv47h1` FOREIGN KEY (`city_id`) REFERENCES `cities` (`id`),
  ADD CONSTRAINT `FK7fcr57y1el74vifvhh7dci90s` FOREIGN KEY (`specialization_id`) REFERENCES `specializations` (`id`),
  ADD CONSTRAINT `FKe9pf5qtxxkdyrwibaevo9frtk` FOREIGN KEY (`user_id`) REFERENCES `users` (`id`);

--
-- Ograniczenia dla tabeli `doctor_services`
--
ALTER TABLE `doctor_services`
  ADD CONSTRAINT `FK5nn1yoaju89q2emtt6c5gpc3p` FOREIGN KEY (`doctor_id`) REFERENCES `doctors` (`id`),
  ADD CONSTRAINT `FKh0ckqdovbu1cdhs2p14kvjha` FOREIGN KEY (`service_id`) REFERENCES `services` (`id`);

--
-- Ograniczenia dla tabeli `patients`
--
ALTER TABLE `patients`
  ADD CONSTRAINT `FKuwca24wcd1tg6pjex8lmc0y7` FOREIGN KEY (`user_id`) REFERENCES `users` (`id`);

--
-- Ograniczenia dla tabeli `services`
--
ALTER TABLE `services`
  ADD CONSTRAINT `FK12a6a263q56r2pxy5ktagogfd` FOREIGN KEY (`specialization_id`) REFERENCES `specializations` (`id`);

--
-- Ograniczenia dla tabeli `visits`
--
ALTER TABLE `visits`
  ADD CONSTRAINT `FK636vcnmb2t8vg9chnrgjb123q` FOREIGN KEY (`availability_id`) REFERENCES `availability_doctor` (`id`),
  ADD CONSTRAINT `FKihia0aechk0ai4vf9hjxlvxhp` FOREIGN KEY (`service_id`) REFERENCES `services` (`id`),
  ADD CONSTRAINT `FKra5p2e0tp6djolm46kdr42cyt` FOREIGN KEY (`patient_id`) REFERENCES `patients` (`id`),
  ADD CONSTRAINT `FKth95fndjk3y3nepjfu3f66r63` FOREIGN KEY (`doctor_id`) REFERENCES `doctors` (`id`);
COMMIT;

/*!40101 SET CHARACTER_SET_CLIENT=@OLD_CHARACTER_SET_CLIENT */;
/*!40101 SET CHARACTER_SET_RESULTS=@OLD_CHARACTER_SET_RESULTS */;
/*!40101 SET COLLATION_CONNECTION=@OLD_COLLATION_CONNECTION */;
